ERROR - 2025-12-17 17:50:54 --> mysqli_sql_exception: Table 'ci_keuangan.transaksi' doesn't exist in E:\laragon\www\Project-e-Keuangan\system\Database\MySQLi\Connection.php:327
Stack trace:
#0 E:\laragon\www\Project-e-Keuangan\system\Database\MySQLi\Connection.php(327): mysqli->query('SELECT `tranksa...', 0)
#1 E:\laragon\www\Project-e-Keuangan\system\Database\BaseConnection.php(738): CodeIgniter\Database\MySQLi\Connection->execute('SELECT `tranksa...')
#2 E:\laragon\www\Project-e-Keuangan\system\Database\BaseConnection.php(652): CodeIgniter\Database\BaseConnection->simpleQuery('SELECT `tranksa...')
#3 E:\laragon\www\Project-e-Keuangan\system\Database\BaseBuilder.php(1649): CodeIgniter\Database\BaseConnection->query('SELECT `tranksa...', Array, false)
#4 E:\laragon\www\Project-e-Keuangan\app\Models\TransaksiModel.php(172): CodeIgniter\Database\BaseBuilder->get()
#5 E:\laragon\www\Project-e-Keuangan\app\Controllers\TransaksiController.php(27): App\Models\TransaksiModel->getLaporanTransaksi(NULL, NULL, NULL)
#6 E:\laragon\www\Project-e-Keuangan\system\CodeIgniter.php(933): App\Controllers\TransaksiController->index()
#7 E:\laragon\www\Project-e-Keuangan\system\CodeIgniter.php(507): CodeIgniter\CodeIgniter->runController(Object(App\Controllers\TransaksiController))
#8 E:\laragon\www\Project-e-Keuangan\system\CodeIgniter.php(354): CodeIgniter\CodeIgniter->handleRequest(NULL, Object(Config\Cache), false)
#9 E:\laragon\www\Project-e-Keuangan\system\Boot.php(334): CodeIgniter\CodeIgniter->run()
#10 E:\laragon\www\Project-e-Keuangan\system\Boot.php(67): CodeIgniter\Boot::runCodeIgniter(Object(CodeIgniter\CodeIgniter))
#11 E:\laragon\www\Project-e-Keuangan\public\index.php(59): CodeIgniter\Boot::bootWeb(Object(Config\Paths))
#12 E:\laragon\www\Project-e-Keuangan\system\rewrite.php(44): require_once('E:\\laragon\\www\\...')
#13 {main}
CRITICAL - 2025-12-17 17:50:55 --> CodeIgniter\Database\Exceptions\DatabaseException: Table 'ci_keuangan.transaksi' doesn't exist
[Method: GET, Route: data-kas/laporan/transaksi]
in SYSTEMPATH\Database\BaseConnection.php on line 692.
 1 SYSTEMPATH\Database\BaseBuilder.php(1649): CodeIgniter\Database\BaseConnection->query('SELECT `tranksaksi`.*, COALESCE(siswa.nama_siswa, siswa2.nama_siswa) as nama_siswa, COALESCE(siswa.nis, siswa2.nis) as nis, `guru`.`nama_guru`, `guru`.`nip`
FROM `transaksi`
LEFT JOIN `pembayaran_spp` ON `tranksaksi`.`id_pembayaran_spp` = `pembayaran_spp`.`id_pembayaran_spp`
LEFT JOIN `siswa` ON `pembayaran_spp`.`id_siswa` = `siswa`.`id_siswa`
LEFT JOIN `pembayaran_semester` ON `tranksaksi`.`id_pembayaran_semester` = `pembayaran_semester`.`id_pembayaran_semester`
LEFT JOIN `siswa` as `siswa2` ON `pembayaran_semester`.`id_siswa` = `siswa2`.`id_siswa`
LEFT JOIN `pembayaran_gaji` ON `tranksaksi`.`id_pembayaran_gaji` = `pembayaran_gaji`.`id_pembayaran_gaji`
LEFT JOIN `guru` ON `pembayaran_gaji`.`id_guru` = `guru`.`id_guru`
ORDER BY `tranksaksi`.`tanggal` DESC, `tranksaksi`.`created_at` DESC', [], false)
 2 APPPATH\Models\TransaksiModel.php(172): CodeIgniter\Database\BaseBuilder->get()
 3 APPPATH\Controllers\TransaksiController.php(27): App\Models\TransaksiModel->getLaporanTransaksi(null, null, null)
 4 SYSTEMPATH\CodeIgniter.php(933): App\Controllers\TransaksiController->index()
 5 SYSTEMPATH\CodeIgniter.php(507): CodeIgniter\CodeIgniter->runController(Object(App\Controllers\TransaksiController))
 6 SYSTEMPATH\CodeIgniter.php(354): CodeIgniter\CodeIgniter->handleRequest(null, Object(Config\Cache), false)
 7 SYSTEMPATH\Boot.php(334): CodeIgniter\CodeIgniter->run()
 8 SYSTEMPATH\Boot.php(67): CodeIgniter\Boot::runCodeIgniter(Object(CodeIgniter\CodeIgniter))
 9 FCPATH\index.php(59): CodeIgniter\Boot::bootWeb(Object(Config\Paths))
10 SYSTEMPATH\rewrite.php(44): require_once('E:\\laragon\\www\\Project-e-Keuangan\\public\\index.php')
CRITICAL - 2025-12-17 17:50:55 --> [Caused by] CodeIgniter\Database\Exceptions\DatabaseException: Table 'ci_keuangan.transaksi' doesn't exist
in SYSTEMPATH\Database\MySQLi\Connection.php on line 332.
 1 SYSTEMPATH\Database\BaseConnection.php(738): CodeIgniter\Database\MySQLi\Connection->execute('SELECT `tranksaksi`.*, COALESCE(siswa.nama_siswa, siswa2.nama_siswa) as nama_siswa, COALESCE(siswa.nis, siswa2.nis) as nis, `guru`.`nama_guru`, `guru`.`nip`
FROM `transaksi`
LEFT JOIN `pembayaran_spp` ON `tranksaksi`.`id_pembayaran_spp` = `pembayaran_spp`.`id_pembayaran_spp`
LEFT JOIN `siswa` ON `pembayaran_spp`.`id_siswa` = `siswa`.`id_siswa`
LEFT JOIN `pembayaran_semester` ON `tranksaksi`.`id_pembayaran_semester` = `pembayaran_semester`.`id_pembayaran_semester`
LEFT JOIN `siswa` as `siswa2` ON `pembayaran_semester`.`id_siswa` = `siswa2`.`id_siswa`
LEFT JOIN `pembayaran_gaji` ON `tranksaksi`.`id_pembayaran_gaji` = `pembayaran_gaji`.`id_pembayaran_gaji`
LEFT JOIN `guru` ON `pembayaran_gaji`.`id_guru` = `guru`.`id_guru`
ORDER BY `tranksaksi`.`tanggal` DESC, `tranksaksi`.`created_at` DESC')
 2 SYSTEMPATH\Database\BaseConnection.php(652): CodeIgniter\Database\BaseConnection->simpleQuery('SELECT `tranksaksi`.*, COALESCE(siswa.nama_siswa, siswa2.nama_siswa) as nama_siswa, COALESCE(siswa.nis, siswa2.nis) as nis, `guru`.`nama_guru`, `guru`.`nip`
FROM `transaksi`
LEFT JOIN `pembayaran_spp` ON `tranksaksi`.`id_pembayaran_spp` = `pembayaran_spp`.`id_pembayaran_spp`
LEFT JOIN `siswa` ON `pembayaran_spp`.`id_siswa` = `siswa`.`id_siswa`
LEFT JOIN `pembayaran_semester` ON `tranksaksi`.`id_pembayaran_semester` = `pembayaran_semester`.`id_pembayaran_semester`
LEFT JOIN `siswa` as `siswa2` ON `pembayaran_semester`.`id_siswa` = `siswa2`.`id_siswa`
LEFT JOIN `pembayaran_gaji` ON `tranksaksi`.`id_pembayaran_gaji` = `pembayaran_gaji`.`id_pembayaran_gaji`
LEFT JOIN `guru` ON `pembayaran_gaji`.`id_guru` = `guru`.`id_guru`
ORDER BY `tranksaksi`.`tanggal` DESC, `tranksaksi`.`created_at` DESC')
 3 SYSTEMPATH\Database\BaseBuilder.php(1649): CodeIgniter\Database\BaseConnection->query('SELECT `tranksaksi`.*, COALESCE(siswa.nama_siswa, siswa2.nama_siswa) as nama_siswa, COALESCE(siswa.nis, siswa2.nis) as nis, `guru`.`nama_guru`, `guru`.`nip`
FROM `transaksi`
LEFT JOIN `pembayaran_spp` ON `tranksaksi`.`id_pembayaran_spp` = `pembayaran_spp`.`id_pembayaran_spp`
LEFT JOIN `siswa` ON `pembayaran_spp`.`id_siswa` = `siswa`.`id_siswa`
LEFT JOIN `pembayaran_semester` ON `tranksaksi`.`id_pembayaran_semester` = `pembayaran_semester`.`id_pembayaran_semester`
LEFT JOIN `siswa` as `siswa2` ON `pembayaran_semester`.`id_siswa` = `siswa2`.`id_siswa`
LEFT JOIN `pembayaran_gaji` ON `tranksaksi`.`id_pembayaran_gaji` = `pembayaran_gaji`.`id_pembayaran_gaji`
LEFT JOIN `guru` ON `pembayaran_gaji`.`id_guru` = `guru`.`id_guru`
ORDER BY `tranksaksi`.`tanggal` DESC, `tranksaksi`.`created_at` DESC', [], false)
 4 APPPATH\Models\TransaksiModel.php(172): CodeIgniter\Database\BaseBuilder->get()
 5 APPPATH\Controllers\TransaksiController.php(27): App\Models\TransaksiModel->getLaporanTransaksi(null, null, null)
 6 SYSTEMPATH\CodeIgniter.php(933): App\Controllers\TransaksiController->index()
 7 SYSTEMPATH\CodeIgniter.php(507): CodeIgniter\CodeIgniter->runController(Object(App\Controllers\TransaksiController))
 8 SYSTEMPATH\CodeIgniter.php(354): CodeIgniter\CodeIgniter->handleRequest(null, Object(Config\Cache), false)
 9 SYSTEMPATH\Boot.php(334): CodeIgniter\CodeIgniter->run()
10 SYSTEMPATH\Boot.php(67): CodeIgniter\Boot::runCodeIgniter(Object(CodeIgniter\CodeIgniter))
11 FCPATH\index.php(59): CodeIgniter\Boot::bootWeb(Object(Config\Paths))
12 SYSTEMPATH\rewrite.php(44): require_once('E:\\laragon\\www\\Project-e-Keuangan\\public\\index.php')
CRITICAL - 2025-12-17 17:50:55 --> [Caused by] mysqli_sql_exception: Table 'ci_keuangan.transaksi' doesn't exist
in SYSTEMPATH\Database\MySQLi\Connection.php on line 327.
 1 SYSTEMPATH\Database\MySQLi\Connection.php(327): mysqli->query('SELECT `tranksaksi`.*, COALESCE(siswa.nama_siswa, siswa2.nama_siswa) as nama_siswa, COALESCE(siswa.nis, siswa2.nis) as nis, `guru`.`nama_guru`, `guru`.`nip`
FROM `transaksi`
LEFT JOIN `pembayaran_spp` ON `tranksaksi`.`id_pembayaran_spp` = `pembayaran_spp`.`id_pembayaran_spp`
LEFT JOIN `siswa` ON `pembayaran_spp`.`id_siswa` = `siswa`.`id_siswa`
LEFT JOIN `pembayaran_semester` ON `tranksaksi`.`id_pembayaran_semester` = `pembayaran_semester`.`id_pembayaran_semester`
LEFT JOIN `siswa` as `siswa2` ON `pembayaran_semester`.`id_siswa` = `siswa2`.`id_siswa`
LEFT JOIN `pembayaran_gaji` ON `tranksaksi`.`id_pembayaran_gaji` = `pembayaran_gaji`.`id_pembayaran_gaji`
LEFT JOIN `guru` ON `pembayaran_gaji`.`id_guru` = `guru`.`id_guru`
ORDER BY `tranksaksi`.`tanggal` DESC, `tranksaksi`.`created_at` DESC', 0)
 2 SYSTEMPATH\Database\BaseConnection.php(738): CodeIgniter\Database\MySQLi\Connection->execute('SELECT `tranksaksi`.*, COALESCE(siswa.nama_siswa, siswa2.nama_siswa) as nama_siswa, COALESCE(siswa.nis, siswa2.nis) as nis, `guru`.`nama_guru`, `guru`.`nip`
FROM `transaksi`
LEFT JOIN `pembayaran_spp` ON `tranksaksi`.`id_pembayaran_spp` = `pembayaran_spp`.`id_pembayaran_spp`
LEFT JOIN `siswa` ON `pembayaran_spp`.`id_siswa` = `siswa`.`id_siswa`
LEFT JOIN `pembayaran_semester` ON `tranksaksi`.`id_pembayaran_semester` = `pembayaran_semester`.`id_pembayaran_semester`
LEFT JOIN `siswa` as `siswa2` ON `pembayaran_semester`.`id_siswa` = `siswa2`.`id_siswa`
LEFT JOIN `pembayaran_gaji` ON `tranksaksi`.`id_pembayaran_gaji` = `pembayaran_gaji`.`id_pembayaran_gaji`
LEFT JOIN `guru` ON `pembayaran_gaji`.`id_guru` = `guru`.`id_guru`
ORDER BY `tranksaksi`.`tanggal` DESC, `tranksaksi`.`created_at` DESC')
 3 SYSTEMPATH\Database\BaseConnection.php(652): CodeIgniter\Database\BaseConnection->simpleQuery('SELECT `tranksaksi`.*, COALESCE(siswa.nama_siswa, siswa2.nama_siswa) as nama_siswa, COALESCE(siswa.nis, siswa2.nis) as nis, `guru`.`nama_guru`, `guru`.`nip`
FROM `transaksi`
LEFT JOIN `pembayaran_spp` ON `tranksaksi`.`id_pembayaran_spp` = `pembayaran_spp`.`id_pembayaran_spp`
LEFT JOIN `siswa` ON `pembayaran_spp`.`id_siswa` = `siswa`.`id_siswa`
LEFT JOIN `pembayaran_semester` ON `tranksaksi`.`id_pembayaran_semester` = `pembayaran_semester`.`id_pembayaran_semester`
LEFT JOIN `siswa` as `siswa2` ON `pembayaran_semester`.`id_siswa` = `siswa2`.`id_siswa`
LEFT JOIN `pembayaran_gaji` ON `tranksaksi`.`id_pembayaran_gaji` = `pembayaran_gaji`.`id_pembayaran_gaji`
LEFT JOIN `guru` ON `pembayaran_gaji`.`id_guru` = `guru`.`id_guru`
ORDER BY `tranksaksi`.`tanggal` DESC, `tranksaksi`.`created_at` DESC')
 4 SYSTEMPATH\Database\BaseBuilder.php(1649): CodeIgniter\Database\BaseConnection->query('SELECT `tranksaksi`.*, COALESCE(siswa.nama_siswa, siswa2.nama_siswa) as nama_siswa, COALESCE(siswa.nis, siswa2.nis) as nis, `guru`.`nama_guru`, `guru`.`nip`
FROM `transaksi`
LEFT JOIN `pembayaran_spp` ON `tranksaksi`.`id_pembayaran_spp` = `pembayaran_spp`.`id_pembayaran_spp`
LEFT JOIN `siswa` ON `pembayaran_spp`.`id_siswa` = `siswa`.`id_siswa`
LEFT JOIN `pembayaran_semester` ON `tranksaksi`.`id_pembayaran_semester` = `pembayaran_semester`.`id_pembayaran_semester`
LEFT JOIN `siswa` as `siswa2` ON `pembayaran_semester`.`id_siswa` = `siswa2`.`id_siswa`
LEFT JOIN `pembayaran_gaji` ON `tranksaksi`.`id_pembayaran_gaji` = `pembayaran_gaji`.`id_pembayaran_gaji`
LEFT JOIN `guru` ON `pembayaran_gaji`.`id_guru` = `guru`.`id_guru`
ORDER BY `tranksaksi`.`tanggal` DESC, `tranksaksi`.`created_at` DESC', [], false)
 5 APPPATH\Models\TransaksiModel.php(172): CodeIgniter\Database\BaseBuilder->get()
 6 APPPATH\Controllers\TransaksiController.php(27): App\Models\TransaksiModel->getLaporanTransaksi(null, null, null)
 7 SYSTEMPATH\CodeIgniter.php(933): App\Controllers\TransaksiController->index()
 8 SYSTEMPATH\CodeIgniter.php(507): CodeIgniter\CodeIgniter->runController(Object(App\Controllers\TransaksiController))
 9 SYSTEMPATH\CodeIgniter.php(354): CodeIgniter\CodeIgniter->handleRequest(null, Object(Config\Cache), false)
10 SYSTEMPATH\Boot.php(334): CodeIgniter\CodeIgniter->run()
11 SYSTEMPATH\Boot.php(67): CodeIgniter\Boot::runCodeIgniter(Object(CodeIgniter\CodeIgniter))
12 FCPATH\index.php(59): CodeIgniter\Boot::bootWeb(Object(Config\Paths))
13 SYSTEMPATH\rewrite.php(44): require_once('E:\\laragon\\www\\Project-e-Keuangan\\public\\index.php')
ERROR - 2025-12-17 17:51:11 --> mysqli_sql_exception: Table 'ci_keuangan.transaksi' doesn't exist in E:\laragon\www\Project-e-Keuangan\system\Database\MySQLi\Connection.php:327
Stack trace:
#0 E:\laragon\www\Project-e-Keuangan\system\Database\MySQLi\Connection.php(327): mysqli->query('SELECT `tranksa...', 0)
#1 E:\laragon\www\Project-e-Keuangan\system\Database\BaseConnection.php(738): CodeIgniter\Database\MySQLi\Connection->execute('SELECT `tranksa...')
#2 E:\laragon\www\Project-e-Keuangan\system\Database\BaseConnection.php(652): CodeIgniter\Database\BaseConnection->simpleQuery('SELECT `tranksa...')
#3 E:\laragon\www\Project-e-Keuangan\system\Database\BaseBuilder.php(1649): CodeIgniter\Database\BaseConnection->query('SELECT `tranksa...', Array, false)
#4 E:\laragon\www\Project-e-Keuangan\app\Models\TransaksiModel.php(172): CodeIgniter\Database\BaseBuilder->get()
#5 E:\laragon\www\Project-e-Keuangan\app\Controllers\TransaksiController.php(27): App\Models\TransaksiModel->getLaporanTransaksi(NULL, NULL, NULL)
#6 E:\laragon\www\Project-e-Keuangan\system\CodeIgniter.php(933): App\Controllers\TransaksiController->index()
#7 E:\laragon\www\Project-e-Keuangan\system\CodeIgniter.php(507): CodeIgniter\CodeIgniter->runController(Object(App\Controllers\TransaksiController))
#8 E:\laragon\www\Project-e-Keuangan\system\CodeIgniter.php(354): CodeIgniter\CodeIgniter->handleRequest(NULL, Object(Config\Cache), false)
#9 E:\laragon\www\Project-e-Keuangan\system\Boot.php(334): CodeIgniter\CodeIgniter->run()
#10 E:\laragon\www\Project-e-Keuangan\system\Boot.php(67): CodeIgniter\Boot::runCodeIgniter(Object(CodeIgniter\CodeIgniter))
#11 E:\laragon\www\Project-e-Keuangan\public\index.php(59): CodeIgniter\Boot::bootWeb(Object(Config\Paths))
#12 E:\laragon\www\Project-e-Keuangan\system\rewrite.php(44): require_once('E:\\laragon\\www\\...')
#13 {main}
CRITICAL - 2025-12-17 17:51:11 --> CodeIgniter\Database\Exceptions\DatabaseException: Table 'ci_keuangan.transaksi' doesn't exist
[Method: GET, Route: data-kas/laporan/transaksi]
in SYSTEMPATH\Database\BaseConnection.php on line 692.
 1 SYSTEMPATH\Database\BaseBuilder.php(1649): CodeIgniter\Database\BaseConnection->query('SELECT `tranksaksi`.*, COALESCE(siswa.nama_siswa, siswa2.nama_siswa) as nama_siswa, COALESCE(siswa.nis, siswa2.nis) as nis, `guru`.`nama_guru`, `guru`.`nip`
FROM `transaksi`
LEFT JOIN `pembayaran_spp` ON `tranksaksi`.`id_pembayaran_spp` = `pembayaran_spp`.`id_pembayaran_spp`
LEFT JOIN `siswa` ON `pembayaran_spp`.`id_siswa` = `siswa`.`id_siswa`
LEFT JOIN `pembayaran_semester` ON `tranksaksi`.`id_pembayaran_semester` = `pembayaran_semester`.`id_pembayaran_semester`
LEFT JOIN `siswa` as `siswa2` ON `pembayaran_semester`.`id_siswa` = `siswa2`.`id_siswa`
LEFT JOIN `pembayaran_gaji` ON `tranksaksi`.`id_pembayaran_gaji` = `pembayaran_gaji`.`id_pembayaran_gaji`
LEFT JOIN `guru` ON `pembayaran_gaji`.`id_guru` = `guru`.`id_guru`
ORDER BY `tranksaksi`.`tanggal` DESC, `tranksaksi`.`created_at` DESC', [], false)
 2 APPPATH\Models\TransaksiModel.php(172): CodeIgniter\Database\BaseBuilder->get()
 3 APPPATH\Controllers\TransaksiController.php(27): App\Models\TransaksiModel->getLaporanTransaksi(null, null, null)
 4 SYSTEMPATH\CodeIgniter.php(933): App\Controllers\TransaksiController->index()
 5 SYSTEMPATH\CodeIgniter.php(507): CodeIgniter\CodeIgniter->runController(Object(App\Controllers\TransaksiController))
 6 SYSTEMPATH\CodeIgniter.php(354): CodeIgniter\CodeIgniter->handleRequest(null, Object(Config\Cache), false)
 7 SYSTEMPATH\Boot.php(334): CodeIgniter\CodeIgniter->run()
 8 SYSTEMPATH\Boot.php(67): CodeIgniter\Boot::runCodeIgniter(Object(CodeIgniter\CodeIgniter))
 9 FCPATH\index.php(59): CodeIgniter\Boot::bootWeb(Object(Config\Paths))
10 SYSTEMPATH\rewrite.php(44): require_once('E:\\laragon\\www\\Project-e-Keuangan\\public\\index.php')
CRITICAL - 2025-12-17 17:51:11 --> [Caused by] CodeIgniter\Database\Exceptions\DatabaseException: Table 'ci_keuangan.transaksi' doesn't exist
in SYSTEMPATH\Database\MySQLi\Connection.php on line 332.
 1 SYSTEMPATH\Database\BaseConnection.php(738): CodeIgniter\Database\MySQLi\Connection->execute('SELECT `tranksaksi`.*, COALESCE(siswa.nama_siswa, siswa2.nama_siswa) as nama_siswa, COALESCE(siswa.nis, siswa2.nis) as nis, `guru`.`nama_guru`, `guru`.`nip`
FROM `transaksi`
LEFT JOIN `pembayaran_spp` ON `tranksaksi`.`id_pembayaran_spp` = `pembayaran_spp`.`id_pembayaran_spp`
LEFT JOIN `siswa` ON `pembayaran_spp`.`id_siswa` = `siswa`.`id_siswa`
LEFT JOIN `pembayaran_semester` ON `tranksaksi`.`id_pembayaran_semester` = `pembayaran_semester`.`id_pembayaran_semester`
LEFT JOIN `siswa` as `siswa2` ON `pembayaran_semester`.`id_siswa` = `siswa2`.`id_siswa`
LEFT JOIN `pembayaran_gaji` ON `tranksaksi`.`id_pembayaran_gaji` = `pembayaran_gaji`.`id_pembayaran_gaji`
LEFT JOIN `guru` ON `pembayaran_gaji`.`id_guru` = `guru`.`id_guru`
ORDER BY `tranksaksi`.`tanggal` DESC, `tranksaksi`.`created_at` DESC')
 2 SYSTEMPATH\Database\BaseConnection.php(652): CodeIgniter\Database\BaseConnection->simpleQuery('SELECT `tranksaksi`.*, COALESCE(siswa.nama_siswa, siswa2.nama_siswa) as nama_siswa, COALESCE(siswa.nis, siswa2.nis) as nis, `guru`.`nama_guru`, `guru`.`nip`
FROM `transaksi`
LEFT JOIN `pembayaran_spp` ON `tranksaksi`.`id_pembayaran_spp` = `pembayaran_spp`.`id_pembayaran_spp`
LEFT JOIN `siswa` ON `pembayaran_spp`.`id_siswa` = `siswa`.`id_siswa`
LEFT JOIN `pembayaran_semester` ON `tranksaksi`.`id_pembayaran_semester` = `pembayaran_semester`.`id_pembayaran_semester`
LEFT JOIN `siswa` as `siswa2` ON `pembayaran_semester`.`id_siswa` = `siswa2`.`id_siswa`
LEFT JOIN `pembayaran_gaji` ON `tranksaksi`.`id_pembayaran_gaji` = `pembayaran_gaji`.`id_pembayaran_gaji`
LEFT JOIN `guru` ON `pembayaran_gaji`.`id_guru` = `guru`.`id_guru`
ORDER BY `tranksaksi`.`tanggal` DESC, `tranksaksi`.`created_at` DESC')
 3 SYSTEMPATH\Database\BaseBuilder.php(1649): CodeIgniter\Database\BaseConnection->query('SELECT `tranksaksi`.*, COALESCE(siswa.nama_siswa, siswa2.nama_siswa) as nama_siswa, COALESCE(siswa.nis, siswa2.nis) as nis, `guru`.`nama_guru`, `guru`.`nip`
FROM `transaksi`
LEFT JOIN `pembayaran_spp` ON `tranksaksi`.`id_pembayaran_spp` = `pembayaran_spp`.`id_pembayaran_spp`
LEFT JOIN `siswa` ON `pembayaran_spp`.`id_siswa` = `siswa`.`id_siswa`
LEFT JOIN `pembayaran_semester` ON `tranksaksi`.`id_pembayaran_semester` = `pembayaran_semester`.`id_pembayaran_semester`
LEFT JOIN `siswa` as `siswa2` ON `pembayaran_semester`.`id_siswa` = `siswa2`.`id_siswa`
LEFT JOIN `pembayaran_gaji` ON `tranksaksi`.`id_pembayaran_gaji` = `pembayaran_gaji`.`id_pembayaran_gaji`
LEFT JOIN `guru` ON `pembayaran_gaji`.`id_guru` = `guru`.`id_guru`
ORDER BY `tranksaksi`.`tanggal` DESC, `tranksaksi`.`created_at` DESC', [], false)
 4 APPPATH\Models\TransaksiModel.php(172): CodeIgniter\Database\BaseBuilder->get()
 5 APPPATH\Controllers\TransaksiController.php(27): App\Models\TransaksiModel->getLaporanTransaksi(null, null, null)
 6 SYSTEMPATH\CodeIgniter.php(933): App\Controllers\TransaksiController->index()
 7 SYSTEMPATH\CodeIgniter.php(507): CodeIgniter\CodeIgniter->runController(Object(App\Controllers\TransaksiController))
 8 SYSTEMPATH\CodeIgniter.php(354): CodeIgniter\CodeIgniter->handleRequest(null, Object(Config\Cache), false)
 9 SYSTEMPATH\Boot.php(334): CodeIgniter\CodeIgniter->run()
10 SYSTEMPATH\Boot.php(67): CodeIgniter\Boot::runCodeIgniter(Object(CodeIgniter\CodeIgniter))
11 FCPATH\index.php(59): CodeIgniter\Boot::bootWeb(Object(Config\Paths))
12 SYSTEMPATH\rewrite.php(44): require_once('E:\\laragon\\www\\Project-e-Keuangan\\public\\index.php')
CRITICAL - 2025-12-17 17:51:11 --> [Caused by] mysqli_sql_exception: Table 'ci_keuangan.transaksi' doesn't exist
in SYSTEMPATH\Database\MySQLi\Connection.php on line 327.
 1 SYSTEMPATH\Database\MySQLi\Connection.php(327): mysqli->query('SELECT `tranksaksi`.*, COALESCE(siswa.nama_siswa, siswa2.nama_siswa) as nama_siswa, COALESCE(siswa.nis, siswa2.nis) as nis, `guru`.`nama_guru`, `guru`.`nip`
FROM `transaksi`
LEFT JOIN `pembayaran_spp` ON `tranksaksi`.`id_pembayaran_spp` = `pembayaran_spp`.`id_pembayaran_spp`
LEFT JOIN `siswa` ON `pembayaran_spp`.`id_siswa` = `siswa`.`id_siswa`
LEFT JOIN `pembayaran_semester` ON `tranksaksi`.`id_pembayaran_semester` = `pembayaran_semester`.`id_pembayaran_semester`
LEFT JOIN `siswa` as `siswa2` ON `pembayaran_semester`.`id_siswa` = `siswa2`.`id_siswa`
LEFT JOIN `pembayaran_gaji` ON `tranksaksi`.`id_pembayaran_gaji` = `pembayaran_gaji`.`id_pembayaran_gaji`
LEFT JOIN `guru` ON `pembayaran_gaji`.`id_guru` = `guru`.`id_guru`
ORDER BY `tranksaksi`.`tanggal` DESC, `tranksaksi`.`created_at` DESC', 0)
 2 SYSTEMPATH\Database\BaseConnection.php(738): CodeIgniter\Database\MySQLi\Connection->execute('SELECT `tranksaksi`.*, COALESCE(siswa.nama_siswa, siswa2.nama_siswa) as nama_siswa, COALESCE(siswa.nis, siswa2.nis) as nis, `guru`.`nama_guru`, `guru`.`nip`
FROM `transaksi`
LEFT JOIN `pembayaran_spp` ON `tranksaksi`.`id_pembayaran_spp` = `pembayaran_spp`.`id_pembayaran_spp`
LEFT JOIN `siswa` ON `pembayaran_spp`.`id_siswa` = `siswa`.`id_siswa`
LEFT JOIN `pembayaran_semester` ON `tranksaksi`.`id_pembayaran_semester` = `pembayaran_semester`.`id_pembayaran_semester`
LEFT JOIN `siswa` as `siswa2` ON `pembayaran_semester`.`id_siswa` = `siswa2`.`id_siswa`
LEFT JOIN `pembayaran_gaji` ON `tranksaksi`.`id_pembayaran_gaji` = `pembayaran_gaji`.`id_pembayaran_gaji`
LEFT JOIN `guru` ON `pembayaran_gaji`.`id_guru` = `guru`.`id_guru`
ORDER BY `tranksaksi`.`tanggal` DESC, `tranksaksi`.`created_at` DESC')
 3 SYSTEMPATH\Database\BaseConnection.php(652): CodeIgniter\Database\BaseConnection->simpleQuery('SELECT `tranksaksi`.*, COALESCE(siswa.nama_siswa, siswa2.nama_siswa) as nama_siswa, COALESCE(siswa.nis, siswa2.nis) as nis, `guru`.`nama_guru`, `guru`.`nip`
FROM `transaksi`
LEFT JOIN `pembayaran_spp` ON `tranksaksi`.`id_pembayaran_spp` = `pembayaran_spp`.`id_pembayaran_spp`
LEFT JOIN `siswa` ON `pembayaran_spp`.`id_siswa` = `siswa`.`id_siswa`
LEFT JOIN `pembayaran_semester` ON `tranksaksi`.`id_pembayaran_semester` = `pembayaran_semester`.`id_pembayaran_semester`
LEFT JOIN `siswa` as `siswa2` ON `pembayaran_semester`.`id_siswa` = `siswa2`.`id_siswa`
LEFT JOIN `pembayaran_gaji` ON `tranksaksi`.`id_pembayaran_gaji` = `pembayaran_gaji`.`id_pembayaran_gaji`
LEFT JOIN `guru` ON `pembayaran_gaji`.`id_guru` = `guru`.`id_guru`
ORDER BY `tranksaksi`.`tanggal` DESC, `tranksaksi`.`created_at` DESC')
 4 SYSTEMPATH\Database\BaseBuilder.php(1649): CodeIgniter\Database\BaseConnection->query('SELECT `tranksaksi`.*, COALESCE(siswa.nama_siswa, siswa2.nama_siswa) as nama_siswa, COALESCE(siswa.nis, siswa2.nis) as nis, `guru`.`nama_guru`, `guru`.`nip`
FROM `transaksi`
LEFT JOIN `pembayaran_spp` ON `tranksaksi`.`id_pembayaran_spp` = `pembayaran_spp`.`id_pembayaran_spp`
LEFT JOIN `siswa` ON `pembayaran_spp`.`id_siswa` = `siswa`.`id_siswa`
LEFT JOIN `pembayaran_semester` ON `tranksaksi`.`id_pembayaran_semester` = `pembayaran_semester`.`id_pembayaran_semester`
LEFT JOIN `siswa` as `siswa2` ON `pembayaran_semester`.`id_siswa` = `siswa2`.`id_siswa`
LEFT JOIN `pembayaran_gaji` ON `tranksaksi`.`id_pembayaran_gaji` = `pembayaran_gaji`.`id_pembayaran_gaji`
LEFT JOIN `guru` ON `pembayaran_gaji`.`id_guru` = `guru`.`id_guru`
ORDER BY `tranksaksi`.`tanggal` DESC, `tranksaksi`.`created_at` DESC', [], false)
 5 APPPATH\Models\TransaksiModel.php(172): CodeIgniter\Database\BaseBuilder->get()
 6 APPPATH\Controllers\TransaksiController.php(27): App\Models\TransaksiModel->getLaporanTransaksi(null, null, null)
 7 SYSTEMPATH\CodeIgniter.php(933): App\Controllers\TransaksiController->index()
 8 SYSTEMPATH\CodeIgniter.php(507): CodeIgniter\CodeIgniter->runController(Object(App\Controllers\TransaksiController))
 9 SYSTEMPATH\CodeIgniter.php(354): CodeIgniter\CodeIgniter->handleRequest(null, Object(Config\Cache), false)
10 SYSTEMPATH\Boot.php(334): CodeIgniter\CodeIgniter->run()
11 SYSTEMPATH\Boot.php(67): CodeIgniter\Boot::runCodeIgniter(Object(CodeIgniter\CodeIgniter))
12 FCPATH\index.php(59): CodeIgniter\Boot::bootWeb(Object(Config\Paths))
13 SYSTEMPATH\rewrite.php(44): require_once('E:\\laragon\\www\\Project-e-Keuangan\\public\\index.php')
ERROR - 2025-12-17 17:52:13 --> mysqli_sql_exception: Table 'ci_keuangan.transaksi' doesn't exist in E:\laragon\www\Project-e-Keuangan\system\Database\MySQLi\Connection.php:327
Stack trace:
#0 E:\laragon\www\Project-e-Keuangan\system\Database\MySQLi\Connection.php(327): mysqli->query('SELECT `tranksa...', 0)
#1 E:\laragon\www\Project-e-Keuangan\system\Database\BaseConnection.php(738): CodeIgniter\Database\MySQLi\Connection->execute('SELECT `tranksa...')
#2 E:\laragon\www\Project-e-Keuangan\system\Database\BaseConnection.php(652): CodeIgniter\Database\BaseConnection->simpleQuery('SELECT `tranksa...')
#3 E:\laragon\www\Project-e-Keuangan\system\Database\BaseBuilder.php(1649): CodeIgniter\Database\BaseConnection->query('SELECT `tranksa...', Array, false)
#4 E:\laragon\www\Project-e-Keuangan\app\Models\TransaksiModel.php(172): CodeIgniter\Database\BaseBuilder->get()
#5 E:\laragon\www\Project-e-Keuangan\app\Controllers\TransaksiController.php(27): App\Models\TransaksiModel->getLaporanTransaksi(NULL, NULL, NULL)
#6 E:\laragon\www\Project-e-Keuangan\system\CodeIgniter.php(933): App\Controllers\TransaksiController->index()
#7 E:\laragon\www\Project-e-Keuangan\system\CodeIgniter.php(507): CodeIgniter\CodeIgniter->runController(Object(App\Controllers\TransaksiController))
#8 E:\laragon\www\Project-e-Keuangan\system\CodeIgniter.php(354): CodeIgniter\CodeIgniter->handleRequest(NULL, Object(Config\Cache), false)
#9 E:\laragon\www\Project-e-Keuangan\system\Boot.php(334): CodeIgniter\CodeIgniter->run()
#10 E:\laragon\www\Project-e-Keuangan\system\Boot.php(67): CodeIgniter\Boot::runCodeIgniter(Object(CodeIgniter\CodeIgniter))
#11 E:\laragon\www\Project-e-Keuangan\public\index.php(59): CodeIgniter\Boot::bootWeb(Object(Config\Paths))
#12 E:\laragon\www\Project-e-Keuangan\system\rewrite.php(44): require_once('E:\\laragon\\www\\...')
#13 {main}
CRITICAL - 2025-12-17 17:52:13 --> CodeIgniter\Database\Exceptions\DatabaseException: Table 'ci_keuangan.transaksi' doesn't exist
[Method: GET, Route: data-kas/laporan/transaksi]
in SYSTEMPATH\Database\BaseConnection.php on line 692.
 1 SYSTEMPATH\Database\BaseBuilder.php(1649): CodeIgniter\Database\BaseConnection->query('SELECT `tranksaksi`.*, COALESCE(siswa.nama_siswa, siswa2.nama_siswa) as nama_siswa, COALESCE(siswa.nis, siswa2.nis) as nis, `guru`.`nama_guru`, `guru`.`nip`
FROM `transaksi`
LEFT JOIN `pembayaran_spp` ON `tranksaksi`.`id_pembayaran_spp` = `pembayaran_spp`.`id_pembayaran_spp`
LEFT JOIN `siswa` ON `pembayaran_spp`.`id_siswa` = `siswa`.`id_siswa`
LEFT JOIN `pembayaran_semester` ON `tranksaksi`.`id_pembayaran_semester` = `pembayaran_semester`.`id_pembayaran_semester`
LEFT JOIN `siswa` as `siswa2` ON `pembayaran_semester`.`id_siswa` = `siswa2`.`id_siswa`
LEFT JOIN `pembayaran_gaji` ON `tranksaksi`.`id_pembayaran_gaji` = `pembayaran_gaji`.`id_pembayaran_gaji`
LEFT JOIN `guru` ON `pembayaran_gaji`.`id_guru` = `guru`.`id_guru`
ORDER BY `tranksaksi`.`tanggal` DESC, `tranksaksi`.`created_at` DESC', [], false)
 2 APPPATH\Models\TransaksiModel.php(172): CodeIgniter\Database\BaseBuilder->get()
 3 APPPATH\Controllers\TransaksiController.php(27): App\Models\TransaksiModel->getLaporanTransaksi(null, null, null)
 4 SYSTEMPATH\CodeIgniter.php(933): App\Controllers\TransaksiController->index()
 5 SYSTEMPATH\CodeIgniter.php(507): CodeIgniter\CodeIgniter->runController(Object(App\Controllers\TransaksiController))
 6 SYSTEMPATH\CodeIgniter.php(354): CodeIgniter\CodeIgniter->handleRequest(null, Object(Config\Cache), false)
 7 SYSTEMPATH\Boot.php(334): CodeIgniter\CodeIgniter->run()
 8 SYSTEMPATH\Boot.php(67): CodeIgniter\Boot::runCodeIgniter(Object(CodeIgniter\CodeIgniter))
 9 FCPATH\index.php(59): CodeIgniter\Boot::bootWeb(Object(Config\Paths))
10 SYSTEMPATH\rewrite.php(44): require_once('E:\\laragon\\www\\Project-e-Keuangan\\public\\index.php')
CRITICAL - 2025-12-17 17:52:13 --> [Caused by] CodeIgniter\Database\Exceptions\DatabaseException: Table 'ci_keuangan.transaksi' doesn't exist
in SYSTEMPATH\Database\MySQLi\Connection.php on line 332.
 1 SYSTEMPATH\Database\BaseConnection.php(738): CodeIgniter\Database\MySQLi\Connection->execute('SELECT `tranksaksi`.*, COALESCE(siswa.nama_siswa, siswa2.nama_siswa) as nama_siswa, COALESCE(siswa.nis, siswa2.nis) as nis, `guru`.`nama_guru`, `guru`.`nip`
FROM `transaksi`
LEFT JOIN `pembayaran_spp` ON `tranksaksi`.`id_pembayaran_spp` = `pembayaran_spp`.`id_pembayaran_spp`
LEFT JOIN `siswa` ON `pembayaran_spp`.`id_siswa` = `siswa`.`id_siswa`
LEFT JOIN `pembayaran_semester` ON `tranksaksi`.`id_pembayaran_semester` = `pembayaran_semester`.`id_pembayaran_semester`
LEFT JOIN `siswa` as `siswa2` ON `pembayaran_semester`.`id_siswa` = `siswa2`.`id_siswa`
LEFT JOIN `pembayaran_gaji` ON `tranksaksi`.`id_pembayaran_gaji` = `pembayaran_gaji`.`id_pembayaran_gaji`
LEFT JOIN `guru` ON `pembayaran_gaji`.`id_guru` = `guru`.`id_guru`
ORDER BY `tranksaksi`.`tanggal` DESC, `tranksaksi`.`created_at` DESC')
 2 SYSTEMPATH\Database\BaseConnection.php(652): CodeIgniter\Database\BaseConnection->simpleQuery('SELECT `tranksaksi`.*, COALESCE(siswa.nama_siswa, siswa2.nama_siswa) as nama_siswa, COALESCE(siswa.nis, siswa2.nis) as nis, `guru`.`nama_guru`, `guru`.`nip`
FROM `transaksi`
LEFT JOIN `pembayaran_spp` ON `tranksaksi`.`id_pembayaran_spp` = `pembayaran_spp`.`id_pembayaran_spp`
LEFT JOIN `siswa` ON `pembayaran_spp`.`id_siswa` = `siswa`.`id_siswa`
LEFT JOIN `pembayaran_semester` ON `tranksaksi`.`id_pembayaran_semester` = `pembayaran_semester`.`id_pembayaran_semester`
LEFT JOIN `siswa` as `siswa2` ON `pembayaran_semester`.`id_siswa` = `siswa2`.`id_siswa`
LEFT JOIN `pembayaran_gaji` ON `tranksaksi`.`id_pembayaran_gaji` = `pembayaran_gaji`.`id_pembayaran_gaji`
LEFT JOIN `guru` ON `pembayaran_gaji`.`id_guru` = `guru`.`id_guru`
ORDER BY `tranksaksi`.`tanggal` DESC, `tranksaksi`.`created_at` DESC')
 3 SYSTEMPATH\Database\BaseBuilder.php(1649): CodeIgniter\Database\BaseConnection->query('SELECT `tranksaksi`.*, COALESCE(siswa.nama_siswa, siswa2.nama_siswa) as nama_siswa, COALESCE(siswa.nis, siswa2.nis) as nis, `guru`.`nama_guru`, `guru`.`nip`
FROM `transaksi`
LEFT JOIN `pembayaran_spp` ON `tranksaksi`.`id_pembayaran_spp` = `pembayaran_spp`.`id_pembayaran_spp`
LEFT JOIN `siswa` ON `pembayaran_spp`.`id_siswa` = `siswa`.`id_siswa`
LEFT JOIN `pembayaran_semester` ON `tranksaksi`.`id_pembayaran_semester` = `pembayaran_semester`.`id_pembayaran_semester`
LEFT JOIN `siswa` as `siswa2` ON `pembayaran_semester`.`id_siswa` = `siswa2`.`id_siswa`
LEFT JOIN `pembayaran_gaji` ON `tranksaksi`.`id_pembayaran_gaji` = `pembayaran_gaji`.`id_pembayaran_gaji`
LEFT JOIN `guru` ON `pembayaran_gaji`.`id_guru` = `guru`.`id_guru`
ORDER BY `tranksaksi`.`tanggal` DESC, `tranksaksi`.`created_at` DESC', [], false)
 4 APPPATH\Models\TransaksiModel.php(172): CodeIgniter\Database\BaseBuilder->get()
 5 APPPATH\Controllers\TransaksiController.php(27): App\Models\TransaksiModel->getLaporanTransaksi(null, null, null)
 6 SYSTEMPATH\CodeIgniter.php(933): App\Controllers\TransaksiController->index()
 7 SYSTEMPATH\CodeIgniter.php(507): CodeIgniter\CodeIgniter->runController(Object(App\Controllers\TransaksiController))
 8 SYSTEMPATH\CodeIgniter.php(354): CodeIgniter\CodeIgniter->handleRequest(null, Object(Config\Cache), false)
 9 SYSTEMPATH\Boot.php(334): CodeIgniter\CodeIgniter->run()
10 SYSTEMPATH\Boot.php(67): CodeIgniter\Boot::runCodeIgniter(Object(CodeIgniter\CodeIgniter))
11 FCPATH\index.php(59): CodeIgniter\Boot::bootWeb(Object(Config\Paths))
12 SYSTEMPATH\rewrite.php(44): require_once('E:\\laragon\\www\\Project-e-Keuangan\\public\\index.php')
CRITICAL - 2025-12-17 17:52:13 --> [Caused by] mysqli_sql_exception: Table 'ci_keuangan.transaksi' doesn't exist
in SYSTEMPATH\Database\MySQLi\Connection.php on line 327.
 1 SYSTEMPATH\Database\MySQLi\Connection.php(327): mysqli->query('SELECT `tranksaksi`.*, COALESCE(siswa.nama_siswa, siswa2.nama_siswa) as nama_siswa, COALESCE(siswa.nis, siswa2.nis) as nis, `guru`.`nama_guru`, `guru`.`nip`
FROM `transaksi`
LEFT JOIN `pembayaran_spp` ON `tranksaksi`.`id_pembayaran_spp` = `pembayaran_spp`.`id_pembayaran_spp`
LEFT JOIN `siswa` ON `pembayaran_spp`.`id_siswa` = `siswa`.`id_siswa`
LEFT JOIN `pembayaran_semester` ON `tranksaksi`.`id_pembayaran_semester` = `pembayaran_semester`.`id_pembayaran_semester`
LEFT JOIN `siswa` as `siswa2` ON `pembayaran_semester`.`id_siswa` = `siswa2`.`id_siswa`
LEFT JOIN `pembayaran_gaji` ON `tranksaksi`.`id_pembayaran_gaji` = `pembayaran_gaji`.`id_pembayaran_gaji`
LEFT JOIN `guru` ON `pembayaran_gaji`.`id_guru` = `guru`.`id_guru`
ORDER BY `tranksaksi`.`tanggal` DESC, `tranksaksi`.`created_at` DESC', 0)
 2 SYSTEMPATH\Database\BaseConnection.php(738): CodeIgniter\Database\MySQLi\Connection->execute('SELECT `tranksaksi`.*, COALESCE(siswa.nama_siswa, siswa2.nama_siswa) as nama_siswa, COALESCE(siswa.nis, siswa2.nis) as nis, `guru`.`nama_guru`, `guru`.`nip`
FROM `transaksi`
LEFT JOIN `pembayaran_spp` ON `tranksaksi`.`id_pembayaran_spp` = `pembayaran_spp`.`id_pembayaran_spp`
LEFT JOIN `siswa` ON `pembayaran_spp`.`id_siswa` = `siswa`.`id_siswa`
LEFT JOIN `pembayaran_semester` ON `tranksaksi`.`id_pembayaran_semester` = `pembayaran_semester`.`id_pembayaran_semester`
LEFT JOIN `siswa` as `siswa2` ON `pembayaran_semester`.`id_siswa` = `siswa2`.`id_siswa`
LEFT JOIN `pembayaran_gaji` ON `tranksaksi`.`id_pembayaran_gaji` = `pembayaran_gaji`.`id_pembayaran_gaji`
LEFT JOIN `guru` ON `pembayaran_gaji`.`id_guru` = `guru`.`id_guru`
ORDER BY `tranksaksi`.`tanggal` DESC, `tranksaksi`.`created_at` DESC')
 3 SYSTEMPATH\Database\BaseConnection.php(652): CodeIgniter\Database\BaseConnection->simpleQuery('SELECT `tranksaksi`.*, COALESCE(siswa.nama_siswa, siswa2.nama_siswa) as nama_siswa, COALESCE(siswa.nis, siswa2.nis) as nis, `guru`.`nama_guru`, `guru`.`nip`
FROM `transaksi`
LEFT JOIN `pembayaran_spp` ON `tranksaksi`.`id_pembayaran_spp` = `pembayaran_spp`.`id_pembayaran_spp`
LEFT JOIN `siswa` ON `pembayaran_spp`.`id_siswa` = `siswa`.`id_siswa`
LEFT JOIN `pembayaran_semester` ON `tranksaksi`.`id_pembayaran_semester` = `pembayaran_semester`.`id_pembayaran_semester`
LEFT JOIN `siswa` as `siswa2` ON `pembayaran_semester`.`id_siswa` = `siswa2`.`id_siswa`
LEFT JOIN `pembayaran_gaji` ON `tranksaksi`.`id_pembayaran_gaji` = `pembayaran_gaji`.`id_pembayaran_gaji`
LEFT JOIN `guru` ON `pembayaran_gaji`.`id_guru` = `guru`.`id_guru`
ORDER BY `tranksaksi`.`tanggal` DESC, `tranksaksi`.`created_at` DESC')
 4 SYSTEMPATH\Database\BaseBuilder.php(1649): CodeIgniter\Database\BaseConnection->query('SELECT `tranksaksi`.*, COALESCE(siswa.nama_siswa, siswa2.nama_siswa) as nama_siswa, COALESCE(siswa.nis, siswa2.nis) as nis, `guru`.`nama_guru`, `guru`.`nip`
FROM `transaksi`
LEFT JOIN `pembayaran_spp` ON `tranksaksi`.`id_pembayaran_spp` = `pembayaran_spp`.`id_pembayaran_spp`
LEFT JOIN `siswa` ON `pembayaran_spp`.`id_siswa` = `siswa`.`id_siswa`
LEFT JOIN `pembayaran_semester` ON `tranksaksi`.`id_pembayaran_semester` = `pembayaran_semester`.`id_pembayaran_semester`
LEFT JOIN `siswa` as `siswa2` ON `pembayaran_semester`.`id_siswa` = `siswa2`.`id_siswa`
LEFT JOIN `pembayaran_gaji` ON `tranksaksi`.`id_pembayaran_gaji` = `pembayaran_gaji`.`id_pembayaran_gaji`
LEFT JOIN `guru` ON `pembayaran_gaji`.`id_guru` = `guru`.`id_guru`
ORDER BY `tranksaksi`.`tanggal` DESC, `tranksaksi`.`created_at` DESC', [], false)
 5 APPPATH\Models\TransaksiModel.php(172): CodeIgniter\Database\BaseBuilder->get()
 6 APPPATH\Controllers\TransaksiController.php(27): App\Models\TransaksiModel->getLaporanTransaksi(null, null, null)
 7 SYSTEMPATH\CodeIgniter.php(933): App\Controllers\TransaksiController->index()
 8 SYSTEMPATH\CodeIgniter.php(507): CodeIgniter\CodeIgniter->runController(Object(App\Controllers\TransaksiController))
 9 SYSTEMPATH\CodeIgniter.php(354): CodeIgniter\CodeIgniter->handleRequest(null, Object(Config\Cache), false)
10 SYSTEMPATH\Boot.php(334): CodeIgniter\CodeIgniter->run()
11 SYSTEMPATH\Boot.php(67): CodeIgniter\Boot::runCodeIgniter(Object(CodeIgniter\CodeIgniter))
12 FCPATH\index.php(59): CodeIgniter\Boot::bootWeb(Object(Config\Paths))
13 SYSTEMPATH\rewrite.php(44): require_once('E:\\laragon\\www\\Project-e-Keuangan\\public\\index.php')
ERROR - 2025-12-17 17:52:50 --> mysqli_sql_exception: Table 'ci_keuangan.transaksi' doesn't exist in E:\laragon\www\Project-e-Keuangan\system\Database\MySQLi\Connection.php:327
Stack trace:
#0 E:\laragon\www\Project-e-Keuangan\system\Database\MySQLi\Connection.php(327): mysqli->query('SELECT `tranksa...', 0)
#1 E:\laragon\www\Project-e-Keuangan\system\Database\BaseConnection.php(738): CodeIgniter\Database\MySQLi\Connection->execute('SELECT `tranksa...')
#2 E:\laragon\www\Project-e-Keuangan\system\Database\BaseConnection.php(652): CodeIgniter\Database\BaseConnection->simpleQuery('SELECT `tranksa...')
#3 E:\laragon\www\Project-e-Keuangan\system\Database\BaseBuilder.php(1649): CodeIgniter\Database\BaseConnection->query('SELECT `tranksa...', Array, false)
#4 E:\laragon\www\Project-e-Keuangan\app\Models\TransaksiModel.php(172): CodeIgniter\Database\BaseBuilder->get()
#5 E:\laragon\www\Project-e-Keuangan\app\Controllers\TransaksiController.php(27): App\Models\TransaksiModel->getLaporanTransaksi(NULL, NULL, NULL)
#6 E:\laragon\www\Project-e-Keuangan\system\CodeIgniter.php(933): App\Controllers\TransaksiController->index()
#7 E:\laragon\www\Project-e-Keuangan\system\CodeIgniter.php(507): CodeIgniter\CodeIgniter->runController(Object(App\Controllers\TransaksiController))
#8 E:\laragon\www\Project-e-Keuangan\system\CodeIgniter.php(354): CodeIgniter\CodeIgniter->handleRequest(NULL, Object(Config\Cache), false)
#9 E:\laragon\www\Project-e-Keuangan\system\Boot.php(334): CodeIgniter\CodeIgniter->run()
#10 E:\laragon\www\Project-e-Keuangan\system\Boot.php(67): CodeIgniter\Boot::runCodeIgniter(Object(CodeIgniter\CodeIgniter))
#11 E:\laragon\www\Project-e-Keuangan\public\index.php(59): CodeIgniter\Boot::bootWeb(Object(Config\Paths))
#12 E:\laragon\www\Project-e-Keuangan\system\rewrite.php(44): require_once('E:\\laragon\\www\\...')
#13 {main}
CRITICAL - 2025-12-17 17:52:50 --> CodeIgniter\Database\Exceptions\DatabaseException: Table 'ci_keuangan.transaksi' doesn't exist
[Method: GET, Route: data-kas/laporan/transaksi]
in SYSTEMPATH\Database\BaseConnection.php on line 692.
 1 SYSTEMPATH\Database\BaseBuilder.php(1649): CodeIgniter\Database\BaseConnection->query('SELECT `tranksaksi`.*, COALESCE(siswa.nama_siswa, siswa2.nama_siswa) as nama_siswa, COALESCE(siswa.nis, siswa2.nis) as nis, `guru`.`nama_guru`, `guru`.`nip`
FROM `transaksi`
LEFT JOIN `pembayaran_spp` ON `tranksaksi`.`id_pembayaran_spp` = `pembayaran_spp`.`id_pembayaran_spp`
LEFT JOIN `siswa` ON `pembayaran_spp`.`id_siswa` = `siswa`.`id_siswa`
LEFT JOIN `pembayaran_semester` ON `tranksaksi`.`id_pembayaran_semester` = `pembayaran_semester`.`id_pembayaran_semester`
LEFT JOIN `siswa` as `siswa2` ON `pembayaran_semester`.`id_siswa` = `siswa2`.`id_siswa`
LEFT JOIN `pembayaran_gaji` ON `tranksaksi`.`id_pembayaran_gaji` = `pembayaran_gaji`.`id_pembayaran_gaji`
LEFT JOIN `guru` ON `pembayaran_gaji`.`id_guru` = `guru`.`id_guru`
ORDER BY `tranksaksi`.`tanggal` DESC, `tranksaksi`.`created_at` DESC', [], false)
 2 APPPATH\Models\TransaksiModel.php(172): CodeIgniter\Database\BaseBuilder->get()
 3 APPPATH\Controllers\TransaksiController.php(27): App\Models\TransaksiModel->getLaporanTransaksi(null, null, null)
 4 SYSTEMPATH\CodeIgniter.php(933): App\Controllers\TransaksiController->index()
 5 SYSTEMPATH\CodeIgniter.php(507): CodeIgniter\CodeIgniter->runController(Object(App\Controllers\TransaksiController))
 6 SYSTEMPATH\CodeIgniter.php(354): CodeIgniter\CodeIgniter->handleRequest(null, Object(Config\Cache), false)
 7 SYSTEMPATH\Boot.php(334): CodeIgniter\CodeIgniter->run()
 8 SYSTEMPATH\Boot.php(67): CodeIgniter\Boot::runCodeIgniter(Object(CodeIgniter\CodeIgniter))
 9 FCPATH\index.php(59): CodeIgniter\Boot::bootWeb(Object(Config\Paths))
10 SYSTEMPATH\rewrite.php(44): require_once('E:\\laragon\\www\\Project-e-Keuangan\\public\\index.php')
CRITICAL - 2025-12-17 17:52:50 --> [Caused by] CodeIgniter\Database\Exceptions\DatabaseException: Table 'ci_keuangan.transaksi' doesn't exist
in SYSTEMPATH\Database\MySQLi\Connection.php on line 332.
 1 SYSTEMPATH\Database\BaseConnection.php(738): CodeIgniter\Database\MySQLi\Connection->execute('SELECT `tranksaksi`.*, COALESCE(siswa.nama_siswa, siswa2.nama_siswa) as nama_siswa, COALESCE(siswa.nis, siswa2.nis) as nis, `guru`.`nama_guru`, `guru`.`nip`
FROM `transaksi`
LEFT JOIN `pembayaran_spp` ON `tranksaksi`.`id_pembayaran_spp` = `pembayaran_spp`.`id_pembayaran_spp`
LEFT JOIN `siswa` ON `pembayaran_spp`.`id_siswa` = `siswa`.`id_siswa`
LEFT JOIN `pembayaran_semester` ON `tranksaksi`.`id_pembayaran_semester` = `pembayaran_semester`.`id_pembayaran_semester`
LEFT JOIN `siswa` as `siswa2` ON `pembayaran_semester`.`id_siswa` = `siswa2`.`id_siswa`
LEFT JOIN `pembayaran_gaji` ON `tranksaksi`.`id_pembayaran_gaji` = `pembayaran_gaji`.`id_pembayaran_gaji`
LEFT JOIN `guru` ON `pembayaran_gaji`.`id_guru` = `guru`.`id_guru`
ORDER BY `tranksaksi`.`tanggal` DESC, `tranksaksi`.`created_at` DESC')
 2 SYSTEMPATH\Database\BaseConnection.php(652): CodeIgniter\Database\BaseConnection->simpleQuery('SELECT `tranksaksi`.*, COALESCE(siswa.nama_siswa, siswa2.nama_siswa) as nama_siswa, COALESCE(siswa.nis, siswa2.nis) as nis, `guru`.`nama_guru`, `guru`.`nip`
FROM `transaksi`
LEFT JOIN `pembayaran_spp` ON `tranksaksi`.`id_pembayaran_spp` = `pembayaran_spp`.`id_pembayaran_spp`
LEFT JOIN `siswa` ON `pembayaran_spp`.`id_siswa` = `siswa`.`id_siswa`
LEFT JOIN `pembayaran_semester` ON `tranksaksi`.`id_pembayaran_semester` = `pembayaran_semester`.`id_pembayaran_semester`
LEFT JOIN `siswa` as `siswa2` ON `pembayaran_semester`.`id_siswa` = `siswa2`.`id_siswa`
LEFT JOIN `pembayaran_gaji` ON `tranksaksi`.`id_pembayaran_gaji` = `pembayaran_gaji`.`id_pembayaran_gaji`
LEFT JOIN `guru` ON `pembayaran_gaji`.`id_guru` = `guru`.`id_guru`
ORDER BY `tranksaksi`.`tanggal` DESC, `tranksaksi`.`created_at` DESC')
 3 SYSTEMPATH\Database\BaseBuilder.php(1649): CodeIgniter\Database\BaseConnection->query('SELECT `tranksaksi`.*, COALESCE(siswa.nama_siswa, siswa2.nama_siswa) as nama_siswa, COALESCE(siswa.nis, siswa2.nis) as nis, `guru`.`nama_guru`, `guru`.`nip`
FROM `transaksi`
LEFT JOIN `pembayaran_spp` ON `tranksaksi`.`id_pembayaran_spp` = `pembayaran_spp`.`id_pembayaran_spp`
LEFT JOIN `siswa` ON `pembayaran_spp`.`id_siswa` = `siswa`.`id_siswa`
LEFT JOIN `pembayaran_semester` ON `tranksaksi`.`id_pembayaran_semester` = `pembayaran_semester`.`id_pembayaran_semester`
LEFT JOIN `siswa` as `siswa2` ON `pembayaran_semester`.`id_siswa` = `siswa2`.`id_siswa`
LEFT JOIN `pembayaran_gaji` ON `tranksaksi`.`id_pembayaran_gaji` = `pembayaran_gaji`.`id_pembayaran_gaji`
LEFT JOIN `guru` ON `pembayaran_gaji`.`id_guru` = `guru`.`id_guru`
ORDER BY `tranksaksi`.`tanggal` DESC, `tranksaksi`.`created_at` DESC', [], false)
 4 APPPATH\Models\TransaksiModel.php(172): CodeIgniter\Database\BaseBuilder->get()
 5 APPPATH\Controllers\TransaksiController.php(27): App\Models\TransaksiModel->getLaporanTransaksi(null, null, null)
 6 SYSTEMPATH\CodeIgniter.php(933): App\Controllers\TransaksiController->index()
 7 SYSTEMPATH\CodeIgniter.php(507): CodeIgniter\CodeIgniter->runController(Object(App\Controllers\TransaksiController))
 8 SYSTEMPATH\CodeIgniter.php(354): CodeIgniter\CodeIgniter->handleRequest(null, Object(Config\Cache), false)
 9 SYSTEMPATH\Boot.php(334): CodeIgniter\CodeIgniter->run()
10 SYSTEMPATH\Boot.php(67): CodeIgniter\Boot::runCodeIgniter(Object(CodeIgniter\CodeIgniter))
11 FCPATH\index.php(59): CodeIgniter\Boot::bootWeb(Object(Config\Paths))
12 SYSTEMPATH\rewrite.php(44): require_once('E:\\laragon\\www\\Project-e-Keuangan\\public\\index.php')
CRITICAL - 2025-12-17 17:52:50 --> [Caused by] mysqli_sql_exception: Table 'ci_keuangan.transaksi' doesn't exist
in SYSTEMPATH\Database\MySQLi\Connection.php on line 327.
 1 SYSTEMPATH\Database\MySQLi\Connection.php(327): mysqli->query('SELECT `tranksaksi`.*, COALESCE(siswa.nama_siswa, siswa2.nama_siswa) as nama_siswa, COALESCE(siswa.nis, siswa2.nis) as nis, `guru`.`nama_guru`, `guru`.`nip`
FROM `transaksi`
LEFT JOIN `pembayaran_spp` ON `tranksaksi`.`id_pembayaran_spp` = `pembayaran_spp`.`id_pembayaran_spp`
LEFT JOIN `siswa` ON `pembayaran_spp`.`id_siswa` = `siswa`.`id_siswa`
LEFT JOIN `pembayaran_semester` ON `tranksaksi`.`id_pembayaran_semester` = `pembayaran_semester`.`id_pembayaran_semester`
LEFT JOIN `siswa` as `siswa2` ON `pembayaran_semester`.`id_siswa` = `siswa2`.`id_siswa`
LEFT JOIN `pembayaran_gaji` ON `tranksaksi`.`id_pembayaran_gaji` = `pembayaran_gaji`.`id_pembayaran_gaji`
LEFT JOIN `guru` ON `pembayaran_gaji`.`id_guru` = `guru`.`id_guru`
ORDER BY `tranksaksi`.`tanggal` DESC, `tranksaksi`.`created_at` DESC', 0)
 2 SYSTEMPATH\Database\BaseConnection.php(738): CodeIgniter\Database\MySQLi\Connection->execute('SELECT `tranksaksi`.*, COALESCE(siswa.nama_siswa, siswa2.nama_siswa) as nama_siswa, COALESCE(siswa.nis, siswa2.nis) as nis, `guru`.`nama_guru`, `guru`.`nip`
FROM `transaksi`
LEFT JOIN `pembayaran_spp` ON `tranksaksi`.`id_pembayaran_spp` = `pembayaran_spp`.`id_pembayaran_spp`
LEFT JOIN `siswa` ON `pembayaran_spp`.`id_siswa` = `siswa`.`id_siswa`
LEFT JOIN `pembayaran_semester` ON `tranksaksi`.`id_pembayaran_semester` = `pembayaran_semester`.`id_pembayaran_semester`
LEFT JOIN `siswa` as `siswa2` ON `pembayaran_semester`.`id_siswa` = `siswa2`.`id_siswa`
LEFT JOIN `pembayaran_gaji` ON `tranksaksi`.`id_pembayaran_gaji` = `pembayaran_gaji`.`id_pembayaran_gaji`
LEFT JOIN `guru` ON `pembayaran_gaji`.`id_guru` = `guru`.`id_guru`
ORDER BY `tranksaksi`.`tanggal` DESC, `tranksaksi`.`created_at` DESC')
 3 SYSTEMPATH\Database\BaseConnection.php(652): CodeIgniter\Database\BaseConnection->simpleQuery('SELECT `tranksaksi`.*, COALESCE(siswa.nama_siswa, siswa2.nama_siswa) as nama_siswa, COALESCE(siswa.nis, siswa2.nis) as nis, `guru`.`nama_guru`, `guru`.`nip`
FROM `transaksi`
LEFT JOIN `pembayaran_spp` ON `tranksaksi`.`id_pembayaran_spp` = `pembayaran_spp`.`id_pembayaran_spp`
LEFT JOIN `siswa` ON `pembayaran_spp`.`id_siswa` = `siswa`.`id_siswa`
LEFT JOIN `pembayaran_semester` ON `tranksaksi`.`id_pembayaran_semester` = `pembayaran_semester`.`id_pembayaran_semester`
LEFT JOIN `siswa` as `siswa2` ON `pembayaran_semester`.`id_siswa` = `siswa2`.`id_siswa`
LEFT JOIN `pembayaran_gaji` ON `tranksaksi`.`id_pembayaran_gaji` = `pembayaran_gaji`.`id_pembayaran_gaji`
LEFT JOIN `guru` ON `pembayaran_gaji`.`id_guru` = `guru`.`id_guru`
ORDER BY `tranksaksi`.`tanggal` DESC, `tranksaksi`.`created_at` DESC')
 4 SYSTEMPATH\Database\BaseBuilder.php(1649): CodeIgniter\Database\BaseConnection->query('SELECT `tranksaksi`.*, COALESCE(siswa.nama_siswa, siswa2.nama_siswa) as nama_siswa, COALESCE(siswa.nis, siswa2.nis) as nis, `guru`.`nama_guru`, `guru`.`nip`
FROM `transaksi`
LEFT JOIN `pembayaran_spp` ON `tranksaksi`.`id_pembayaran_spp` = `pembayaran_spp`.`id_pembayaran_spp`
LEFT JOIN `siswa` ON `pembayaran_spp`.`id_siswa` = `siswa`.`id_siswa`
LEFT JOIN `pembayaran_semester` ON `tranksaksi`.`id_pembayaran_semester` = `pembayaran_semester`.`id_pembayaran_semester`
LEFT JOIN `siswa` as `siswa2` ON `pembayaran_semester`.`id_siswa` = `siswa2`.`id_siswa`
LEFT JOIN `pembayaran_gaji` ON `tranksaksi`.`id_pembayaran_gaji` = `pembayaran_gaji`.`id_pembayaran_gaji`
LEFT JOIN `guru` ON `pembayaran_gaji`.`id_guru` = `guru`.`id_guru`
ORDER BY `tranksaksi`.`tanggal` DESC, `tranksaksi`.`created_at` DESC', [], false)
 5 APPPATH\Models\TransaksiModel.php(172): CodeIgniter\Database\BaseBuilder->get()
 6 APPPATH\Controllers\TransaksiController.php(27): App\Models\TransaksiModel->getLaporanTransaksi(null, null, null)
 7 SYSTEMPATH\CodeIgniter.php(933): App\Controllers\TransaksiController->index()
 8 SYSTEMPATH\CodeIgniter.php(507): CodeIgniter\CodeIgniter->runController(Object(App\Controllers\TransaksiController))
 9 SYSTEMPATH\CodeIgniter.php(354): CodeIgniter\CodeIgniter->handleRequest(null, Object(Config\Cache), false)
10 SYSTEMPATH\Boot.php(334): CodeIgniter\CodeIgniter->run()
11 SYSTEMPATH\Boot.php(67): CodeIgniter\Boot::runCodeIgniter(Object(CodeIgniter\CodeIgniter))
12 FCPATH\index.php(59): CodeIgniter\Boot::bootWeb(Object(Config\Paths))
13 SYSTEMPATH\rewrite.php(44): require_once('E:\\laragon\\www\\Project-e-Keuangan\\public\\index.php')
ERROR - 2025-12-17 17:52:52 --> mysqli_sql_exception: Table 'ci_keuangan.transaksi' doesn't exist in E:\laragon\www\Project-e-Keuangan\system\Database\MySQLi\Connection.php:327
Stack trace:
#0 E:\laragon\www\Project-e-Keuangan\system\Database\MySQLi\Connection.php(327): mysqli->query('SELECT `tranksa...', 0)
#1 E:\laragon\www\Project-e-Keuangan\system\Database\BaseConnection.php(738): CodeIgniter\Database\MySQLi\Connection->execute('SELECT `tranksa...')
#2 E:\laragon\www\Project-e-Keuangan\system\Database\BaseConnection.php(652): CodeIgniter\Database\BaseConnection->simpleQuery('SELECT `tranksa...')
#3 E:\laragon\www\Project-e-Keuangan\system\Database\BaseBuilder.php(1649): CodeIgniter\Database\BaseConnection->query('SELECT `tranksa...', Array, false)
#4 E:\laragon\www\Project-e-Keuangan\app\Models\TransaksiModel.php(172): CodeIgniter\Database\BaseBuilder->get()
#5 E:\laragon\www\Project-e-Keuangan\app\Controllers\TransaksiController.php(27): App\Models\TransaksiModel->getLaporanTransaksi(NULL, NULL, NULL)
#6 E:\laragon\www\Project-e-Keuangan\system\CodeIgniter.php(933): App\Controllers\TransaksiController->index()
#7 E:\laragon\www\Project-e-Keuangan\system\CodeIgniter.php(507): CodeIgniter\CodeIgniter->runController(Object(App\Controllers\TransaksiController))
#8 E:\laragon\www\Project-e-Keuangan\system\CodeIgniter.php(354): CodeIgniter\CodeIgniter->handleRequest(NULL, Object(Config\Cache), false)
#9 E:\laragon\www\Project-e-Keuangan\system\Boot.php(334): CodeIgniter\CodeIgniter->run()
#10 E:\laragon\www\Project-e-Keuangan\system\Boot.php(67): CodeIgniter\Boot::runCodeIgniter(Object(CodeIgniter\CodeIgniter))
#11 E:\laragon\www\Project-e-Keuangan\public\index.php(59): CodeIgniter\Boot::bootWeb(Object(Config\Paths))
#12 E:\laragon\www\Project-e-Keuangan\system\rewrite.php(44): require_once('E:\\laragon\\www\\...')
#13 {main}
CRITICAL - 2025-12-17 17:52:52 --> CodeIgniter\Database\Exceptions\DatabaseException: Table 'ci_keuangan.transaksi' doesn't exist
[Method: GET, Route: data-kas/laporan/transaksi]
in SYSTEMPATH\Database\BaseConnection.php on line 692.
 1 SYSTEMPATH\Database\BaseBuilder.php(1649): CodeIgniter\Database\BaseConnection->query('SELECT `tranksaksi`.*, COALESCE(siswa.nama_siswa, siswa2.nama_siswa) as nama_siswa, COALESCE(siswa.nis, siswa2.nis) as nis, `guru`.`nama_guru`, `guru`.`nip`
FROM `transaksi`
LEFT JOIN `pembayaran_spp` ON `tranksaksi`.`id_pembayaran_spp` = `pembayaran_spp`.`id_pembayaran_spp`
LEFT JOIN `siswa` ON `pembayaran_spp`.`id_siswa` = `siswa`.`id_siswa`
LEFT JOIN `pembayaran_semester` ON `tranksaksi`.`id_pembayaran_semester` = `pembayaran_semester`.`id_pembayaran_semester`
LEFT JOIN `siswa` as `siswa2` ON `pembayaran_semester`.`id_siswa` = `siswa2`.`id_siswa`
LEFT JOIN `pembayaran_gaji` ON `tranksaksi`.`id_pembayaran_gaji` = `pembayaran_gaji`.`id_pembayaran_gaji`
LEFT JOIN `guru` ON `pembayaran_gaji`.`id_guru` = `guru`.`id_guru`
ORDER BY `tranksaksi`.`tanggal` DESC, `tranksaksi`.`created_at` DESC', [], false)
 2 APPPATH\Models\TransaksiModel.php(172): CodeIgniter\Database\BaseBuilder->get()
 3 APPPATH\Controllers\TransaksiController.php(27): App\Models\TransaksiModel->getLaporanTransaksi(null, null, null)
 4 SYSTEMPATH\CodeIgniter.php(933): App\Controllers\TransaksiController->index()
 5 SYSTEMPATH\CodeIgniter.php(507): CodeIgniter\CodeIgniter->runController(Object(App\Controllers\TransaksiController))
 6 SYSTEMPATH\CodeIgniter.php(354): CodeIgniter\CodeIgniter->handleRequest(null, Object(Config\Cache), false)
 7 SYSTEMPATH\Boot.php(334): CodeIgniter\CodeIgniter->run()
 8 SYSTEMPATH\Boot.php(67): CodeIgniter\Boot::runCodeIgniter(Object(CodeIgniter\CodeIgniter))
 9 FCPATH\index.php(59): CodeIgniter\Boot::bootWeb(Object(Config\Paths))
10 SYSTEMPATH\rewrite.php(44): require_once('E:\\laragon\\www\\Project-e-Keuangan\\public\\index.php')
CRITICAL - 2025-12-17 17:52:52 --> [Caused by] CodeIgniter\Database\Exceptions\DatabaseException: Table 'ci_keuangan.transaksi' doesn't exist
in SYSTEMPATH\Database\MySQLi\Connection.php on line 332.
 1 SYSTEMPATH\Database\BaseConnection.php(738): CodeIgniter\Database\MySQLi\Connection->execute('SELECT `tranksaksi`.*, COALESCE(siswa.nama_siswa, siswa2.nama_siswa) as nama_siswa, COALESCE(siswa.nis, siswa2.nis) as nis, `guru`.`nama_guru`, `guru`.`nip`
FROM `transaksi`
LEFT JOIN `pembayaran_spp` ON `tranksaksi`.`id_pembayaran_spp` = `pembayaran_spp`.`id_pembayaran_spp`
LEFT JOIN `siswa` ON `pembayaran_spp`.`id_siswa` = `siswa`.`id_siswa`
LEFT JOIN `pembayaran_semester` ON `tranksaksi`.`id_pembayaran_semester` = `pembayaran_semester`.`id_pembayaran_semester`
LEFT JOIN `siswa` as `siswa2` ON `pembayaran_semester`.`id_siswa` = `siswa2`.`id_siswa`
LEFT JOIN `pembayaran_gaji` ON `tranksaksi`.`id_pembayaran_gaji` = `pembayaran_gaji`.`id_pembayaran_gaji`
LEFT JOIN `guru` ON `pembayaran_gaji`.`id_guru` = `guru`.`id_guru`
ORDER BY `tranksaksi`.`tanggal` DESC, `tranksaksi`.`created_at` DESC')
 2 SYSTEMPATH\Database\BaseConnection.php(652): CodeIgniter\Database\BaseConnection->simpleQuery('SELECT `tranksaksi`.*, COALESCE(siswa.nama_siswa, siswa2.nama_siswa) as nama_siswa, COALESCE(siswa.nis, siswa2.nis) as nis, `guru`.`nama_guru`, `guru`.`nip`
FROM `transaksi`
LEFT JOIN `pembayaran_spp` ON `tranksaksi`.`id_pembayaran_spp` = `pembayaran_spp`.`id_pembayaran_spp`
LEFT JOIN `siswa` ON `pembayaran_spp`.`id_siswa` = `siswa`.`id_siswa`
LEFT JOIN `pembayaran_semester` ON `tranksaksi`.`id_pembayaran_semester` = `pembayaran_semester`.`id_pembayaran_semester`
LEFT JOIN `siswa` as `siswa2` ON `pembayaran_semester`.`id_siswa` = `siswa2`.`id_siswa`
LEFT JOIN `pembayaran_gaji` ON `tranksaksi`.`id_pembayaran_gaji` = `pembayaran_gaji`.`id_pembayaran_gaji`
LEFT JOIN `guru` ON `pembayaran_gaji`.`id_guru` = `guru`.`id_guru`
ORDER BY `tranksaksi`.`tanggal` DESC, `tranksaksi`.`created_at` DESC')
 3 SYSTEMPATH\Database\BaseBuilder.php(1649): CodeIgniter\Database\BaseConnection->query('SELECT `tranksaksi`.*, COALESCE(siswa.nama_siswa, siswa2.nama_siswa) as nama_siswa, COALESCE(siswa.nis, siswa2.nis) as nis, `guru`.`nama_guru`, `guru`.`nip`
FROM `transaksi`
LEFT JOIN `pembayaran_spp` ON `tranksaksi`.`id_pembayaran_spp` = `pembayaran_spp`.`id_pembayaran_spp`
LEFT JOIN `siswa` ON `pembayaran_spp`.`id_siswa` = `siswa`.`id_siswa`
LEFT JOIN `pembayaran_semester` ON `tranksaksi`.`id_pembayaran_semester` = `pembayaran_semester`.`id_pembayaran_semester`
LEFT JOIN `siswa` as `siswa2` ON `pembayaran_semester`.`id_siswa` = `siswa2`.`id_siswa`
LEFT JOIN `pembayaran_gaji` ON `tranksaksi`.`id_pembayaran_gaji` = `pembayaran_gaji`.`id_pembayaran_gaji`
LEFT JOIN `guru` ON `pembayaran_gaji`.`id_guru` = `guru`.`id_guru`
ORDER BY `tranksaksi`.`tanggal` DESC, `tranksaksi`.`created_at` DESC', [], false)
 4 APPPATH\Models\TransaksiModel.php(172): CodeIgniter\Database\BaseBuilder->get()
 5 APPPATH\Controllers\TransaksiController.php(27): App\Models\TransaksiModel->getLaporanTransaksi(null, null, null)
 6 SYSTEMPATH\CodeIgniter.php(933): App\Controllers\TransaksiController->index()
 7 SYSTEMPATH\CodeIgniter.php(507): CodeIgniter\CodeIgniter->runController(Object(App\Controllers\TransaksiController))
 8 SYSTEMPATH\CodeIgniter.php(354): CodeIgniter\CodeIgniter->handleRequest(null, Object(Config\Cache), false)
 9 SYSTEMPATH\Boot.php(334): CodeIgniter\CodeIgniter->run()
10 SYSTEMPATH\Boot.php(67): CodeIgniter\Boot::runCodeIgniter(Object(CodeIgniter\CodeIgniter))
11 FCPATH\index.php(59): CodeIgniter\Boot::bootWeb(Object(Config\Paths))
12 SYSTEMPATH\rewrite.php(44): require_once('E:\\laragon\\www\\Project-e-Keuangan\\public\\index.php')
CRITICAL - 2025-12-17 17:52:52 --> [Caused by] mysqli_sql_exception: Table 'ci_keuangan.transaksi' doesn't exist
in SYSTEMPATH\Database\MySQLi\Connection.php on line 327.
 1 SYSTEMPATH\Database\MySQLi\Connection.php(327): mysqli->query('SELECT `tranksaksi`.*, COALESCE(siswa.nama_siswa, siswa2.nama_siswa) as nama_siswa, COALESCE(siswa.nis, siswa2.nis) as nis, `guru`.`nama_guru`, `guru`.`nip`
FROM `transaksi`
LEFT JOIN `pembayaran_spp` ON `tranksaksi`.`id_pembayaran_spp` = `pembayaran_spp`.`id_pembayaran_spp`
LEFT JOIN `siswa` ON `pembayaran_spp`.`id_siswa` = `siswa`.`id_siswa`
LEFT JOIN `pembayaran_semester` ON `tranksaksi`.`id_pembayaran_semester` = `pembayaran_semester`.`id_pembayaran_semester`
LEFT JOIN `siswa` as `siswa2` ON `pembayaran_semester`.`id_siswa` = `siswa2`.`id_siswa`
LEFT JOIN `pembayaran_gaji` ON `tranksaksi`.`id_pembayaran_gaji` = `pembayaran_gaji`.`id_pembayaran_gaji`
LEFT JOIN `guru` ON `pembayaran_gaji`.`id_guru` = `guru`.`id_guru`
ORDER BY `tranksaksi`.`tanggal` DESC, `tranksaksi`.`created_at` DESC', 0)
 2 SYSTEMPATH\Database\BaseConnection.php(738): CodeIgniter\Database\MySQLi\Connection->execute('SELECT `tranksaksi`.*, COALESCE(siswa.nama_siswa, siswa2.nama_siswa) as nama_siswa, COALESCE(siswa.nis, siswa2.nis) as nis, `guru`.`nama_guru`, `guru`.`nip`
FROM `transaksi`
LEFT JOIN `pembayaran_spp` ON `tranksaksi`.`id_pembayaran_spp` = `pembayaran_spp`.`id_pembayaran_spp`
LEFT JOIN `siswa` ON `pembayaran_spp`.`id_siswa` = `siswa`.`id_siswa`
LEFT JOIN `pembayaran_semester` ON `tranksaksi`.`id_pembayaran_semester` = `pembayaran_semester`.`id_pembayaran_semester`
LEFT JOIN `siswa` as `siswa2` ON `pembayaran_semester`.`id_siswa` = `siswa2`.`id_siswa`
LEFT JOIN `pembayaran_gaji` ON `tranksaksi`.`id_pembayaran_gaji` = `pembayaran_gaji`.`id_pembayaran_gaji`
LEFT JOIN `guru` ON `pembayaran_gaji`.`id_guru` = `guru`.`id_guru`
ORDER BY `tranksaksi`.`tanggal` DESC, `tranksaksi`.`created_at` DESC')
 3 SYSTEMPATH\Database\BaseConnection.php(652): CodeIgniter\Database\BaseConnection->simpleQuery('SELECT `tranksaksi`.*, COALESCE(siswa.nama_siswa, siswa2.nama_siswa) as nama_siswa, COALESCE(siswa.nis, siswa2.nis) as nis, `guru`.`nama_guru`, `guru`.`nip`
FROM `transaksi`
LEFT JOIN `pembayaran_spp` ON `tranksaksi`.`id_pembayaran_spp` = `pembayaran_spp`.`id_pembayaran_spp`
LEFT JOIN `siswa` ON `pembayaran_spp`.`id_siswa` = `siswa`.`id_siswa`
LEFT JOIN `pembayaran_semester` ON `tranksaksi`.`id_pembayaran_semester` = `pembayaran_semester`.`id_pembayaran_semester`
LEFT JOIN `siswa` as `siswa2` ON `pembayaran_semester`.`id_siswa` = `siswa2`.`id_siswa`
LEFT JOIN `pembayaran_gaji` ON `tranksaksi`.`id_pembayaran_gaji` = `pembayaran_gaji`.`id_pembayaran_gaji`
LEFT JOIN `guru` ON `pembayaran_gaji`.`id_guru` = `guru`.`id_guru`
ORDER BY `tranksaksi`.`tanggal` DESC, `tranksaksi`.`created_at` DESC')
 4 SYSTEMPATH\Database\BaseBuilder.php(1649): CodeIgniter\Database\BaseConnection->query('SELECT `tranksaksi`.*, COALESCE(siswa.nama_siswa, siswa2.nama_siswa) as nama_siswa, COALESCE(siswa.nis, siswa2.nis) as nis, `guru`.`nama_guru`, `guru`.`nip`
FROM `transaksi`
LEFT JOIN `pembayaran_spp` ON `tranksaksi`.`id_pembayaran_spp` = `pembayaran_spp`.`id_pembayaran_spp`
LEFT JOIN `siswa` ON `pembayaran_spp`.`id_siswa` = `siswa`.`id_siswa`
LEFT JOIN `pembayaran_semester` ON `tranksaksi`.`id_pembayaran_semester` = `pembayaran_semester`.`id_pembayaran_semester`
LEFT JOIN `siswa` as `siswa2` ON `pembayaran_semester`.`id_siswa` = `siswa2`.`id_siswa`
LEFT JOIN `pembayaran_gaji` ON `tranksaksi`.`id_pembayaran_gaji` = `pembayaran_gaji`.`id_pembayaran_gaji`
LEFT JOIN `guru` ON `pembayaran_gaji`.`id_guru` = `guru`.`id_guru`
ORDER BY `tranksaksi`.`tanggal` DESC, `tranksaksi`.`created_at` DESC', [], false)
 5 APPPATH\Models\TransaksiModel.php(172): CodeIgniter\Database\BaseBuilder->get()
 6 APPPATH\Controllers\TransaksiController.php(27): App\Models\TransaksiModel->getLaporanTransaksi(null, null, null)
 7 SYSTEMPATH\CodeIgniter.php(933): App\Controllers\TransaksiController->index()
 8 SYSTEMPATH\CodeIgniter.php(507): CodeIgniter\CodeIgniter->runController(Object(App\Controllers\TransaksiController))
 9 SYSTEMPATH\CodeIgniter.php(354): CodeIgniter\CodeIgniter->handleRequest(null, Object(Config\Cache), false)
10 SYSTEMPATH\Boot.php(334): CodeIgniter\CodeIgniter->run()
11 SYSTEMPATH\Boot.php(67): CodeIgniter\Boot::runCodeIgniter(Object(CodeIgniter\CodeIgniter))
12 FCPATH\index.php(59): CodeIgniter\Boot::bootWeb(Object(Config\Paths))
13 SYSTEMPATH\rewrite.php(44): require_once('E:\\laragon\\www\\Project-e-Keuangan\\public\\index.php')
ERROR - 2025-12-17 17:54:15 --> mysqli_sql_exception: Table 'ci_keuangan.transaksi' doesn't exist in E:\laragon\www\Project-e-Keuangan\system\Database\MySQLi\Connection.php:327
Stack trace:
#0 E:\laragon\www\Project-e-Keuangan\system\Database\MySQLi\Connection.php(327): mysqli->query('SELECT `tranksa...', 0)
#1 E:\laragon\www\Project-e-Keuangan\system\Database\BaseConnection.php(738): CodeIgniter\Database\MySQLi\Connection->execute('SELECT `tranksa...')
#2 E:\laragon\www\Project-e-Keuangan\system\Database\BaseConnection.php(652): CodeIgniter\Database\BaseConnection->simpleQuery('SELECT `tranksa...')
#3 E:\laragon\www\Project-e-Keuangan\system\Database\BaseBuilder.php(1649): CodeIgniter\Database\BaseConnection->query('SELECT `tranksa...', Array, false)
#4 E:\laragon\www\Project-e-Keuangan\app\Models\TransaksiModel.php(172): CodeIgniter\Database\BaseBuilder->get()
#5 E:\laragon\www\Project-e-Keuangan\app\Controllers\TransaksiController.php(27): App\Models\TransaksiModel->getLaporanTransaksi(NULL, NULL, NULL)
#6 E:\laragon\www\Project-e-Keuangan\system\CodeIgniter.php(933): App\Controllers\TransaksiController->index()
#7 E:\laragon\www\Project-e-Keuangan\system\CodeIgniter.php(507): CodeIgniter\CodeIgniter->runController(Object(App\Controllers\TransaksiController))
#8 E:\laragon\www\Project-e-Keuangan\system\CodeIgniter.php(354): CodeIgniter\CodeIgniter->handleRequest(NULL, Object(Config\Cache), false)
#9 E:\laragon\www\Project-e-Keuangan\system\Boot.php(334): CodeIgniter\CodeIgniter->run()
#10 E:\laragon\www\Project-e-Keuangan\system\Boot.php(67): CodeIgniter\Boot::runCodeIgniter(Object(CodeIgniter\CodeIgniter))
#11 E:\laragon\www\Project-e-Keuangan\public\index.php(59): CodeIgniter\Boot::bootWeb(Object(Config\Paths))
#12 E:\laragon\www\Project-e-Keuangan\system\rewrite.php(44): require_once('E:\\laragon\\www\\...')
#13 {main}
CRITICAL - 2025-12-17 17:54:15 --> CodeIgniter\Database\Exceptions\DatabaseException: Table 'ci_keuangan.transaksi' doesn't exist
[Method: GET, Route: data-kas/laporan/transaksi]
in SYSTEMPATH\Database\BaseConnection.php on line 692.
 1 SYSTEMPATH\Database\BaseBuilder.php(1649): CodeIgniter\Database\BaseConnection->query('SELECT `tranksaksi`.*, COALESCE(siswa.nama_siswa, siswa2.nama_siswa) as nama_siswa, COALESCE(siswa.nis, siswa2.nis) as nis, `guru`.`nama_guru`, `guru`.`nip`
FROM `transaksi`
LEFT JOIN `pembayaran_spp` ON `tranksaksi`.`id_pembayaran_spp` = `pembayaran_spp`.`id_pembayaran_spp`
LEFT JOIN `siswa` ON `pembayaran_spp`.`id_siswa` = `siswa`.`id_siswa`
LEFT JOIN `pembayaran_semester` ON `tranksaksi`.`id_pembayaran_semester` = `pembayaran_semester`.`id_pembayaran_semester`
LEFT JOIN `siswa` as `siswa2` ON `pembayaran_semester`.`id_siswa` = `siswa2`.`id_siswa`
LEFT JOIN `pembayaran_gaji` ON `tranksaksi`.`id_pembayaran_gaji` = `pembayaran_gaji`.`id_pembayaran_gaji`
LEFT JOIN `guru` ON `pembayaran_gaji`.`id_guru` = `guru`.`id_guru`
ORDER BY `tranksaksi`.`tanggal` DESC, `tranksaksi`.`created_at` DESC', [], false)
 2 APPPATH\Models\TransaksiModel.php(172): CodeIgniter\Database\BaseBuilder->get()
 3 APPPATH\Controllers\TransaksiController.php(27): App\Models\TransaksiModel->getLaporanTransaksi(null, null, null)
 4 SYSTEMPATH\CodeIgniter.php(933): App\Controllers\TransaksiController->index()
 5 SYSTEMPATH\CodeIgniter.php(507): CodeIgniter\CodeIgniter->runController(Object(App\Controllers\TransaksiController))
 6 SYSTEMPATH\CodeIgniter.php(354): CodeIgniter\CodeIgniter->handleRequest(null, Object(Config\Cache), false)
 7 SYSTEMPATH\Boot.php(334): CodeIgniter\CodeIgniter->run()
 8 SYSTEMPATH\Boot.php(67): CodeIgniter\Boot::runCodeIgniter(Object(CodeIgniter\CodeIgniter))
 9 FCPATH\index.php(59): CodeIgniter\Boot::bootWeb(Object(Config\Paths))
10 SYSTEMPATH\rewrite.php(44): require_once('E:\\laragon\\www\\Project-e-Keuangan\\public\\index.php')
CRITICAL - 2025-12-17 17:54:15 --> [Caused by] CodeIgniter\Database\Exceptions\DatabaseException: Table 'ci_keuangan.transaksi' doesn't exist
in SYSTEMPATH\Database\MySQLi\Connection.php on line 332.
 1 SYSTEMPATH\Database\BaseConnection.php(738): CodeIgniter\Database\MySQLi\Connection->execute('SELECT `tranksaksi`.*, COALESCE(siswa.nama_siswa, siswa2.nama_siswa) as nama_siswa, COALESCE(siswa.nis, siswa2.nis) as nis, `guru`.`nama_guru`, `guru`.`nip`
FROM `transaksi`
LEFT JOIN `pembayaran_spp` ON `tranksaksi`.`id_pembayaran_spp` = `pembayaran_spp`.`id_pembayaran_spp`
LEFT JOIN `siswa` ON `pembayaran_spp`.`id_siswa` = `siswa`.`id_siswa`
LEFT JOIN `pembayaran_semester` ON `tranksaksi`.`id_pembayaran_semester` = `pembayaran_semester`.`id_pembayaran_semester`
LEFT JOIN `siswa` as `siswa2` ON `pembayaran_semester`.`id_siswa` = `siswa2`.`id_siswa`
LEFT JOIN `pembayaran_gaji` ON `tranksaksi`.`id_pembayaran_gaji` = `pembayaran_gaji`.`id_pembayaran_gaji`
LEFT JOIN `guru` ON `pembayaran_gaji`.`id_guru` = `guru`.`id_guru`
ORDER BY `tranksaksi`.`tanggal` DESC, `tranksaksi`.`created_at` DESC')
 2 SYSTEMPATH\Database\BaseConnection.php(652): CodeIgniter\Database\BaseConnection->simpleQuery('SELECT `tranksaksi`.*, COALESCE(siswa.nama_siswa, siswa2.nama_siswa) as nama_siswa, COALESCE(siswa.nis, siswa2.nis) as nis, `guru`.`nama_guru`, `guru`.`nip`
FROM `transaksi`
LEFT JOIN `pembayaran_spp` ON `tranksaksi`.`id_pembayaran_spp` = `pembayaran_spp`.`id_pembayaran_spp`
LEFT JOIN `siswa` ON `pembayaran_spp`.`id_siswa` = `siswa`.`id_siswa`
LEFT JOIN `pembayaran_semester` ON `tranksaksi`.`id_pembayaran_semester` = `pembayaran_semester`.`id_pembayaran_semester`
LEFT JOIN `siswa` as `siswa2` ON `pembayaran_semester`.`id_siswa` = `siswa2`.`id_siswa`
LEFT JOIN `pembayaran_gaji` ON `tranksaksi`.`id_pembayaran_gaji` = `pembayaran_gaji`.`id_pembayaran_gaji`
LEFT JOIN `guru` ON `pembayaran_gaji`.`id_guru` = `guru`.`id_guru`
ORDER BY `tranksaksi`.`tanggal` DESC, `tranksaksi`.`created_at` DESC')
 3 SYSTEMPATH\Database\BaseBuilder.php(1649): CodeIgniter\Database\BaseConnection->query('SELECT `tranksaksi`.*, COALESCE(siswa.nama_siswa, siswa2.nama_siswa) as nama_siswa, COALESCE(siswa.nis, siswa2.nis) as nis, `guru`.`nama_guru`, `guru`.`nip`
FROM `transaksi`
LEFT JOIN `pembayaran_spp` ON `tranksaksi`.`id_pembayaran_spp` = `pembayaran_spp`.`id_pembayaran_spp`
LEFT JOIN `siswa` ON `pembayaran_spp`.`id_siswa` = `siswa`.`id_siswa`
LEFT JOIN `pembayaran_semester` ON `tranksaksi`.`id_pembayaran_semester` = `pembayaran_semester`.`id_pembayaran_semester`
LEFT JOIN `siswa` as `siswa2` ON `pembayaran_semester`.`id_siswa` = `siswa2`.`id_siswa`
LEFT JOIN `pembayaran_gaji` ON `tranksaksi`.`id_pembayaran_gaji` = `pembayaran_gaji`.`id_pembayaran_gaji`
LEFT JOIN `guru` ON `pembayaran_gaji`.`id_guru` = `guru`.`id_guru`
ORDER BY `tranksaksi`.`tanggal` DESC, `tranksaksi`.`created_at` DESC', [], false)
 4 APPPATH\Models\TransaksiModel.php(172): CodeIgniter\Database\BaseBuilder->get()
 5 APPPATH\Controllers\TransaksiController.php(27): App\Models\TransaksiModel->getLaporanTransaksi(null, null, null)
 6 SYSTEMPATH\CodeIgniter.php(933): App\Controllers\TransaksiController->index()
 7 SYSTEMPATH\CodeIgniter.php(507): CodeIgniter\CodeIgniter->runController(Object(App\Controllers\TransaksiController))
 8 SYSTEMPATH\CodeIgniter.php(354): CodeIgniter\CodeIgniter->handleRequest(null, Object(Config\Cache), false)
 9 SYSTEMPATH\Boot.php(334): CodeIgniter\CodeIgniter->run()
10 SYSTEMPATH\Boot.php(67): CodeIgniter\Boot::runCodeIgniter(Object(CodeIgniter\CodeIgniter))
11 FCPATH\index.php(59): CodeIgniter\Boot::bootWeb(Object(Config\Paths))
12 SYSTEMPATH\rewrite.php(44): require_once('E:\\laragon\\www\\Project-e-Keuangan\\public\\index.php')
CRITICAL - 2025-12-17 17:54:15 --> [Caused by] mysqli_sql_exception: Table 'ci_keuangan.transaksi' doesn't exist
in SYSTEMPATH\Database\MySQLi\Connection.php on line 327.
 1 SYSTEMPATH\Database\MySQLi\Connection.php(327): mysqli->query('SELECT `tranksaksi`.*, COALESCE(siswa.nama_siswa, siswa2.nama_siswa) as nama_siswa, COALESCE(siswa.nis, siswa2.nis) as nis, `guru`.`nama_guru`, `guru`.`nip`
FROM `transaksi`
LEFT JOIN `pembayaran_spp` ON `tranksaksi`.`id_pembayaran_spp` = `pembayaran_spp`.`id_pembayaran_spp`
LEFT JOIN `siswa` ON `pembayaran_spp`.`id_siswa` = `siswa`.`id_siswa`
LEFT JOIN `pembayaran_semester` ON `tranksaksi`.`id_pembayaran_semester` = `pembayaran_semester`.`id_pembayaran_semester`
LEFT JOIN `siswa` as `siswa2` ON `pembayaran_semester`.`id_siswa` = `siswa2`.`id_siswa`
LEFT JOIN `pembayaran_gaji` ON `tranksaksi`.`id_pembayaran_gaji` = `pembayaran_gaji`.`id_pembayaran_gaji`
LEFT JOIN `guru` ON `pembayaran_gaji`.`id_guru` = `guru`.`id_guru`
ORDER BY `tranksaksi`.`tanggal` DESC, `tranksaksi`.`created_at` DESC', 0)
 2 SYSTEMPATH\Database\BaseConnection.php(738): CodeIgniter\Database\MySQLi\Connection->execute('SELECT `tranksaksi`.*, COALESCE(siswa.nama_siswa, siswa2.nama_siswa) as nama_siswa, COALESCE(siswa.nis, siswa2.nis) as nis, `guru`.`nama_guru`, `guru`.`nip`
FROM `transaksi`
LEFT JOIN `pembayaran_spp` ON `tranksaksi`.`id_pembayaran_spp` = `pembayaran_spp`.`id_pembayaran_spp`
LEFT JOIN `siswa` ON `pembayaran_spp`.`id_siswa` = `siswa`.`id_siswa`
LEFT JOIN `pembayaran_semester` ON `tranksaksi`.`id_pembayaran_semester` = `pembayaran_semester`.`id_pembayaran_semester`
LEFT JOIN `siswa` as `siswa2` ON `pembayaran_semester`.`id_siswa` = `siswa2`.`id_siswa`
LEFT JOIN `pembayaran_gaji` ON `tranksaksi`.`id_pembayaran_gaji` = `pembayaran_gaji`.`id_pembayaran_gaji`
LEFT JOIN `guru` ON `pembayaran_gaji`.`id_guru` = `guru`.`id_guru`
ORDER BY `tranksaksi`.`tanggal` DESC, `tranksaksi`.`created_at` DESC')
 3 SYSTEMPATH\Database\BaseConnection.php(652): CodeIgniter\Database\BaseConnection->simpleQuery('SELECT `tranksaksi`.*, COALESCE(siswa.nama_siswa, siswa2.nama_siswa) as nama_siswa, COALESCE(siswa.nis, siswa2.nis) as nis, `guru`.`nama_guru`, `guru`.`nip`
FROM `transaksi`
LEFT JOIN `pembayaran_spp` ON `tranksaksi`.`id_pembayaran_spp` = `pembayaran_spp`.`id_pembayaran_spp`
LEFT JOIN `siswa` ON `pembayaran_spp`.`id_siswa` = `siswa`.`id_siswa`
LEFT JOIN `pembayaran_semester` ON `tranksaksi`.`id_pembayaran_semester` = `pembayaran_semester`.`id_pembayaran_semester`
LEFT JOIN `siswa` as `siswa2` ON `pembayaran_semester`.`id_siswa` = `siswa2`.`id_siswa`
LEFT JOIN `pembayaran_gaji` ON `tranksaksi`.`id_pembayaran_gaji` = `pembayaran_gaji`.`id_pembayaran_gaji`
LEFT JOIN `guru` ON `pembayaran_gaji`.`id_guru` = `guru`.`id_guru`
ORDER BY `tranksaksi`.`tanggal` DESC, `tranksaksi`.`created_at` DESC')
 4 SYSTEMPATH\Database\BaseBuilder.php(1649): CodeIgniter\Database\BaseConnection->query('SELECT `tranksaksi`.*, COALESCE(siswa.nama_siswa, siswa2.nama_siswa) as nama_siswa, COALESCE(siswa.nis, siswa2.nis) as nis, `guru`.`nama_guru`, `guru`.`nip`
FROM `transaksi`
LEFT JOIN `pembayaran_spp` ON `tranksaksi`.`id_pembayaran_spp` = `pembayaran_spp`.`id_pembayaran_spp`
LEFT JOIN `siswa` ON `pembayaran_spp`.`id_siswa` = `siswa`.`id_siswa`
LEFT JOIN `pembayaran_semester` ON `tranksaksi`.`id_pembayaran_semester` = `pembayaran_semester`.`id_pembayaran_semester`
LEFT JOIN `siswa` as `siswa2` ON `pembayaran_semester`.`id_siswa` = `siswa2`.`id_siswa`
LEFT JOIN `pembayaran_gaji` ON `tranksaksi`.`id_pembayaran_gaji` = `pembayaran_gaji`.`id_pembayaran_gaji`
LEFT JOIN `guru` ON `pembayaran_gaji`.`id_guru` = `guru`.`id_guru`
ORDER BY `tranksaksi`.`tanggal` DESC, `tranksaksi`.`created_at` DESC', [], false)
 5 APPPATH\Models\TransaksiModel.php(172): CodeIgniter\Database\BaseBuilder->get()
 6 APPPATH\Controllers\TransaksiController.php(27): App\Models\TransaksiModel->getLaporanTransaksi(null, null, null)
 7 SYSTEMPATH\CodeIgniter.php(933): App\Controllers\TransaksiController->index()
 8 SYSTEMPATH\CodeIgniter.php(507): CodeIgniter\CodeIgniter->runController(Object(App\Controllers\TransaksiController))
 9 SYSTEMPATH\CodeIgniter.php(354): CodeIgniter\CodeIgniter->handleRequest(null, Object(Config\Cache), false)
10 SYSTEMPATH\Boot.php(334): CodeIgniter\CodeIgniter->run()
11 SYSTEMPATH\Boot.php(67): CodeIgniter\Boot::runCodeIgniter(Object(CodeIgniter\CodeIgniter))
12 FCPATH\index.php(59): CodeIgniter\Boot::bootWeb(Object(Config\Paths))
13 SYSTEMPATH\rewrite.php(44): require_once('E:\\laragon\\www\\Project-e-Keuangan\\public\\index.php')
ERROR - 2025-12-17 17:54:31 --> mysqli_sql_exception: Table 'ci_keuangan.transaksi' doesn't exist in E:\laragon\www\Project-e-Keuangan\system\Database\MySQLi\Connection.php:327
Stack trace:
#0 E:\laragon\www\Project-e-Keuangan\system\Database\MySQLi\Connection.php(327): mysqli->query('SELECT `tranksa...', 0)
#1 E:\laragon\www\Project-e-Keuangan\system\Database\BaseConnection.php(738): CodeIgniter\Database\MySQLi\Connection->execute('SELECT `tranksa...')
#2 E:\laragon\www\Project-e-Keuangan\system\Database\BaseConnection.php(652): CodeIgniter\Database\BaseConnection->simpleQuery('SELECT `tranksa...')
#3 E:\laragon\www\Project-e-Keuangan\system\Database\BaseBuilder.php(1649): CodeIgniter\Database\BaseConnection->query('SELECT `tranksa...', Array, false)
#4 E:\laragon\www\Project-e-Keuangan\app\Models\TransaksiModel.php(172): CodeIgniter\Database\BaseBuilder->get()
#5 E:\laragon\www\Project-e-Keuangan\app\Controllers\TransaksiController.php(27): App\Models\TransaksiModel->getLaporanTransaksi(NULL, NULL, NULL)
#6 E:\laragon\www\Project-e-Keuangan\system\CodeIgniter.php(933): App\Controllers\TransaksiController->index()
#7 E:\laragon\www\Project-e-Keuangan\system\CodeIgniter.php(507): CodeIgniter\CodeIgniter->runController(Object(App\Controllers\TransaksiController))
#8 E:\laragon\www\Project-e-Keuangan\system\CodeIgniter.php(354): CodeIgniter\CodeIgniter->handleRequest(NULL, Object(Config\Cache), false)
#9 E:\laragon\www\Project-e-Keuangan\system\Boot.php(334): CodeIgniter\CodeIgniter->run()
#10 E:\laragon\www\Project-e-Keuangan\system\Boot.php(67): CodeIgniter\Boot::runCodeIgniter(Object(CodeIgniter\CodeIgniter))
#11 E:\laragon\www\Project-e-Keuangan\public\index.php(59): CodeIgniter\Boot::bootWeb(Object(Config\Paths))
#12 E:\laragon\www\Project-e-Keuangan\system\rewrite.php(44): require_once('E:\\laragon\\www\\...')
#13 {main}
CRITICAL - 2025-12-17 17:54:31 --> CodeIgniter\Database\Exceptions\DatabaseException: Table 'ci_keuangan.transaksi' doesn't exist
[Method: GET, Route: data-kas/laporan/transaksi]
in SYSTEMPATH\Database\BaseConnection.php on line 692.
 1 SYSTEMPATH\Database\BaseBuilder.php(1649): CodeIgniter\Database\BaseConnection->query('SELECT `tranksaksi`.*, COALESCE(siswa.nama_siswa, siswa2.nama_siswa) as nama_siswa, COALESCE(siswa.nis, siswa2.nis) as nis, `guru`.`nama_guru`, `guru`.`nip`
FROM `transaksi`
LEFT JOIN `pembayaran_spp` ON `tranksaksi`.`id_pembayaran_spp` = `pembayaran_spp`.`id_pembayaran_spp`
LEFT JOIN `siswa` ON `pembayaran_spp`.`id_siswa` = `siswa`.`id_siswa`
LEFT JOIN `pembayaran_semester` ON `tranksaksi`.`id_pembayaran_semester` = `pembayaran_semester`.`id_pembayaran_semester`
LEFT JOIN `siswa` as `siswa2` ON `pembayaran_semester`.`id_siswa` = `siswa2`.`id_siswa`
LEFT JOIN `pembayaran_gaji` ON `tranksaksi`.`id_pembayaran_gaji` = `pembayaran_gaji`.`id_pembayaran_gaji`
LEFT JOIN `guru` ON `pembayaran_gaji`.`id_guru` = `guru`.`id_guru`
ORDER BY `tranksaksi`.`tanggal` DESC, `tranksaksi`.`created_at` DESC', [], false)
 2 APPPATH\Models\TransaksiModel.php(172): CodeIgniter\Database\BaseBuilder->get()
 3 APPPATH\Controllers\TransaksiController.php(27): App\Models\TransaksiModel->getLaporanTransaksi(null, null, null)
 4 SYSTEMPATH\CodeIgniter.php(933): App\Controllers\TransaksiController->index()
 5 SYSTEMPATH\CodeIgniter.php(507): CodeIgniter\CodeIgniter->runController(Object(App\Controllers\TransaksiController))
 6 SYSTEMPATH\CodeIgniter.php(354): CodeIgniter\CodeIgniter->handleRequest(null, Object(Config\Cache), false)
 7 SYSTEMPATH\Boot.php(334): CodeIgniter\CodeIgniter->run()
 8 SYSTEMPATH\Boot.php(67): CodeIgniter\Boot::runCodeIgniter(Object(CodeIgniter\CodeIgniter))
 9 FCPATH\index.php(59): CodeIgniter\Boot::bootWeb(Object(Config\Paths))
10 SYSTEMPATH\rewrite.php(44): require_once('E:\\laragon\\www\\Project-e-Keuangan\\public\\index.php')
CRITICAL - 2025-12-17 17:54:31 --> [Caused by] CodeIgniter\Database\Exceptions\DatabaseException: Table 'ci_keuangan.transaksi' doesn't exist
in SYSTEMPATH\Database\MySQLi\Connection.php on line 332.
 1 SYSTEMPATH\Database\BaseConnection.php(738): CodeIgniter\Database\MySQLi\Connection->execute('SELECT `tranksaksi`.*, COALESCE(siswa.nama_siswa, siswa2.nama_siswa) as nama_siswa, COALESCE(siswa.nis, siswa2.nis) as nis, `guru`.`nama_guru`, `guru`.`nip`
FROM `transaksi`
LEFT JOIN `pembayaran_spp` ON `tranksaksi`.`id_pembayaran_spp` = `pembayaran_spp`.`id_pembayaran_spp`
LEFT JOIN `siswa` ON `pembayaran_spp`.`id_siswa` = `siswa`.`id_siswa`
LEFT JOIN `pembayaran_semester` ON `tranksaksi`.`id_pembayaran_semester` = `pembayaran_semester`.`id_pembayaran_semester`
LEFT JOIN `siswa` as `siswa2` ON `pembayaran_semester`.`id_siswa` = `siswa2`.`id_siswa`
LEFT JOIN `pembayaran_gaji` ON `tranksaksi`.`id_pembayaran_gaji` = `pembayaran_gaji`.`id_pembayaran_gaji`
LEFT JOIN `guru` ON `pembayaran_gaji`.`id_guru` = `guru`.`id_guru`
ORDER BY `tranksaksi`.`tanggal` DESC, `tranksaksi`.`created_at` DESC')
 2 SYSTEMPATH\Database\BaseConnection.php(652): CodeIgniter\Database\BaseConnection->simpleQuery('SELECT `tranksaksi`.*, COALESCE(siswa.nama_siswa, siswa2.nama_siswa) as nama_siswa, COALESCE(siswa.nis, siswa2.nis) as nis, `guru`.`nama_guru`, `guru`.`nip`
FROM `transaksi`
LEFT JOIN `pembayaran_spp` ON `tranksaksi`.`id_pembayaran_spp` = `pembayaran_spp`.`id_pembayaran_spp`
LEFT JOIN `siswa` ON `pembayaran_spp`.`id_siswa` = `siswa`.`id_siswa`
LEFT JOIN `pembayaran_semester` ON `tranksaksi`.`id_pembayaran_semester` = `pembayaran_semester`.`id_pembayaran_semester`
LEFT JOIN `siswa` as `siswa2` ON `pembayaran_semester`.`id_siswa` = `siswa2`.`id_siswa`
LEFT JOIN `pembayaran_gaji` ON `tranksaksi`.`id_pembayaran_gaji` = `pembayaran_gaji`.`id_pembayaran_gaji`
LEFT JOIN `guru` ON `pembayaran_gaji`.`id_guru` = `guru`.`id_guru`
ORDER BY `tranksaksi`.`tanggal` DESC, `tranksaksi`.`created_at` DESC')
 3 SYSTEMPATH\Database\BaseBuilder.php(1649): CodeIgniter\Database\BaseConnection->query('SELECT `tranksaksi`.*, COALESCE(siswa.nama_siswa, siswa2.nama_siswa) as nama_siswa, COALESCE(siswa.nis, siswa2.nis) as nis, `guru`.`nama_guru`, `guru`.`nip`
FROM `transaksi`
LEFT JOIN `pembayaran_spp` ON `tranksaksi`.`id_pembayaran_spp` = `pembayaran_spp`.`id_pembayaran_spp`
LEFT JOIN `siswa` ON `pembayaran_spp`.`id_siswa` = `siswa`.`id_siswa`
LEFT JOIN `pembayaran_semester` ON `tranksaksi`.`id_pembayaran_semester` = `pembayaran_semester`.`id_pembayaran_semester`
LEFT JOIN `siswa` as `siswa2` ON `pembayaran_semester`.`id_siswa` = `siswa2`.`id_siswa`
LEFT JOIN `pembayaran_gaji` ON `tranksaksi`.`id_pembayaran_gaji` = `pembayaran_gaji`.`id_pembayaran_gaji`
LEFT JOIN `guru` ON `pembayaran_gaji`.`id_guru` = `guru`.`id_guru`
ORDER BY `tranksaksi`.`tanggal` DESC, `tranksaksi`.`created_at` DESC', [], false)
 4 APPPATH\Models\TransaksiModel.php(172): CodeIgniter\Database\BaseBuilder->get()
 5 APPPATH\Controllers\TransaksiController.php(27): App\Models\TransaksiModel->getLaporanTransaksi(null, null, null)
 6 SYSTEMPATH\CodeIgniter.php(933): App\Controllers\TransaksiController->index()
 7 SYSTEMPATH\CodeIgniter.php(507): CodeIgniter\CodeIgniter->runController(Object(App\Controllers\TransaksiController))
 8 SYSTEMPATH\CodeIgniter.php(354): CodeIgniter\CodeIgniter->handleRequest(null, Object(Config\Cache), false)
 9 SYSTEMPATH\Boot.php(334): CodeIgniter\CodeIgniter->run()
10 SYSTEMPATH\Boot.php(67): CodeIgniter\Boot::runCodeIgniter(Object(CodeIgniter\CodeIgniter))
11 FCPATH\index.php(59): CodeIgniter\Boot::bootWeb(Object(Config\Paths))
12 SYSTEMPATH\rewrite.php(44): require_once('E:\\laragon\\www\\Project-e-Keuangan\\public\\index.php')
CRITICAL - 2025-12-17 17:54:31 --> [Caused by] mysqli_sql_exception: Table 'ci_keuangan.transaksi' doesn't exist
in SYSTEMPATH\Database\MySQLi\Connection.php on line 327.
 1 SYSTEMPATH\Database\MySQLi\Connection.php(327): mysqli->query('SELECT `tranksaksi`.*, COALESCE(siswa.nama_siswa, siswa2.nama_siswa) as nama_siswa, COALESCE(siswa.nis, siswa2.nis) as nis, `guru`.`nama_guru`, `guru`.`nip`
FROM `transaksi`
LEFT JOIN `pembayaran_spp` ON `tranksaksi`.`id_pembayaran_spp` = `pembayaran_spp`.`id_pembayaran_spp`
LEFT JOIN `siswa` ON `pembayaran_spp`.`id_siswa` = `siswa`.`id_siswa`
LEFT JOIN `pembayaran_semester` ON `tranksaksi`.`id_pembayaran_semester` = `pembayaran_semester`.`id_pembayaran_semester`
LEFT JOIN `siswa` as `siswa2` ON `pembayaran_semester`.`id_siswa` = `siswa2`.`id_siswa`
LEFT JOIN `pembayaran_gaji` ON `tranksaksi`.`id_pembayaran_gaji` = `pembayaran_gaji`.`id_pembayaran_gaji`
LEFT JOIN `guru` ON `pembayaran_gaji`.`id_guru` = `guru`.`id_guru`
ORDER BY `tranksaksi`.`tanggal` DESC, `tranksaksi`.`created_at` DESC', 0)
 2 SYSTEMPATH\Database\BaseConnection.php(738): CodeIgniter\Database\MySQLi\Connection->execute('SELECT `tranksaksi`.*, COALESCE(siswa.nama_siswa, siswa2.nama_siswa) as nama_siswa, COALESCE(siswa.nis, siswa2.nis) as nis, `guru`.`nama_guru`, `guru`.`nip`
FROM `transaksi`
LEFT JOIN `pembayaran_spp` ON `tranksaksi`.`id_pembayaran_spp` = `pembayaran_spp`.`id_pembayaran_spp`
LEFT JOIN `siswa` ON `pembayaran_spp`.`id_siswa` = `siswa`.`id_siswa`
LEFT JOIN `pembayaran_semester` ON `tranksaksi`.`id_pembayaran_semester` = `pembayaran_semester`.`id_pembayaran_semester`
LEFT JOIN `siswa` as `siswa2` ON `pembayaran_semester`.`id_siswa` = `siswa2`.`id_siswa`
LEFT JOIN `pembayaran_gaji` ON `tranksaksi`.`id_pembayaran_gaji` = `pembayaran_gaji`.`id_pembayaran_gaji`
LEFT JOIN `guru` ON `pembayaran_gaji`.`id_guru` = `guru`.`id_guru`
ORDER BY `tranksaksi`.`tanggal` DESC, `tranksaksi`.`created_at` DESC')
 3 SYSTEMPATH\Database\BaseConnection.php(652): CodeIgniter\Database\BaseConnection->simpleQuery('SELECT `tranksaksi`.*, COALESCE(siswa.nama_siswa, siswa2.nama_siswa) as nama_siswa, COALESCE(siswa.nis, siswa2.nis) as nis, `guru`.`nama_guru`, `guru`.`nip`
FROM `transaksi`
LEFT JOIN `pembayaran_spp` ON `tranksaksi`.`id_pembayaran_spp` = `pembayaran_spp`.`id_pembayaran_spp`
LEFT JOIN `siswa` ON `pembayaran_spp`.`id_siswa` = `siswa`.`id_siswa`
LEFT JOIN `pembayaran_semester` ON `tranksaksi`.`id_pembayaran_semester` = `pembayaran_semester`.`id_pembayaran_semester`
LEFT JOIN `siswa` as `siswa2` ON `pembayaran_semester`.`id_siswa` = `siswa2`.`id_siswa`
LEFT JOIN `pembayaran_gaji` ON `tranksaksi`.`id_pembayaran_gaji` = `pembayaran_gaji`.`id_pembayaran_gaji`
LEFT JOIN `guru` ON `pembayaran_gaji`.`id_guru` = `guru`.`id_guru`
ORDER BY `tranksaksi`.`tanggal` DESC, `tranksaksi`.`created_at` DESC')
 4 SYSTEMPATH\Database\BaseBuilder.php(1649): CodeIgniter\Database\BaseConnection->query('SELECT `tranksaksi`.*, COALESCE(siswa.nama_siswa, siswa2.nama_siswa) as nama_siswa, COALESCE(siswa.nis, siswa2.nis) as nis, `guru`.`nama_guru`, `guru`.`nip`
FROM `transaksi`
LEFT JOIN `pembayaran_spp` ON `tranksaksi`.`id_pembayaran_spp` = `pembayaran_spp`.`id_pembayaran_spp`
LEFT JOIN `siswa` ON `pembayaran_spp`.`id_siswa` = `siswa`.`id_siswa`
LEFT JOIN `pembayaran_semester` ON `tranksaksi`.`id_pembayaran_semester` = `pembayaran_semester`.`id_pembayaran_semester`
LEFT JOIN `siswa` as `siswa2` ON `pembayaran_semester`.`id_siswa` = `siswa2`.`id_siswa`
LEFT JOIN `pembayaran_gaji` ON `tranksaksi`.`id_pembayaran_gaji` = `pembayaran_gaji`.`id_pembayaran_gaji`
LEFT JOIN `guru` ON `pembayaran_gaji`.`id_guru` = `guru`.`id_guru`
ORDER BY `tranksaksi`.`tanggal` DESC, `tranksaksi`.`created_at` DESC', [], false)
 5 APPPATH\Models\TransaksiModel.php(172): CodeIgniter\Database\BaseBuilder->get()
 6 APPPATH\Controllers\TransaksiController.php(27): App\Models\TransaksiModel->getLaporanTransaksi(null, null, null)
 7 SYSTEMPATH\CodeIgniter.php(933): App\Controllers\TransaksiController->index()
 8 SYSTEMPATH\CodeIgniter.php(507): CodeIgniter\CodeIgniter->runController(Object(App\Controllers\TransaksiController))
 9 SYSTEMPATH\CodeIgniter.php(354): CodeIgniter\CodeIgniter->handleRequest(null, Object(Config\Cache), false)
10 SYSTEMPATH\Boot.php(334): CodeIgniter\CodeIgniter->run()
11 SYSTEMPATH\Boot.php(67): CodeIgniter\Boot::runCodeIgniter(Object(CodeIgniter\CodeIgniter))
12 FCPATH\index.php(59): CodeIgniter\Boot::bootWeb(Object(Config\Paths))
13 SYSTEMPATH\rewrite.php(44): require_once('E:\\laragon\\www\\Project-e-Keuangan\\public\\index.php')
ERROR - 2025-12-17 18:21:51 --> mysqli_sql_exception: Unknown table 'tranksaksi' in E:\laragon\www\Project-e-Keuangan\system\Database\MySQLi\Connection.php:327
Stack trace:
#0 E:\laragon\www\Project-e-Keuangan\system\Database\MySQLi\Connection.php(327): mysqli->query('SELECT `tranksa...', 0)
#1 E:\laragon\www\Project-e-Keuangan\system\Database\BaseConnection.php(738): CodeIgniter\Database\MySQLi\Connection->execute('SELECT `tranksa...')
#2 E:\laragon\www\Project-e-Keuangan\system\Database\BaseConnection.php(652): CodeIgniter\Database\BaseConnection->simpleQuery('SELECT `tranksa...')
#3 E:\laragon\www\Project-e-Keuangan\system\Database\BaseBuilder.php(1649): CodeIgniter\Database\BaseConnection->query('SELECT `tranksa...', Array, false)
#4 E:\laragon\www\Project-e-Keuangan\app\Models\TransaksiModel.php(172): CodeIgniter\Database\BaseBuilder->get()
#5 E:\laragon\www\Project-e-Keuangan\app\Controllers\TransaksiController.php(27): App\Models\TransaksiModel->getLaporanTransaksi(NULL, NULL, NULL)
#6 E:\laragon\www\Project-e-Keuangan\system\CodeIgniter.php(933): App\Controllers\TransaksiController->index()
#7 E:\laragon\www\Project-e-Keuangan\system\CodeIgniter.php(507): CodeIgniter\CodeIgniter->runController(Object(App\Controllers\TransaksiController))
#8 E:\laragon\www\Project-e-Keuangan\system\CodeIgniter.php(354): CodeIgniter\CodeIgniter->handleRequest(NULL, Object(Config\Cache), false)
#9 E:\laragon\www\Project-e-Keuangan\system\Boot.php(334): CodeIgniter\CodeIgniter->run()
#10 E:\laragon\www\Project-e-Keuangan\system\Boot.php(67): CodeIgniter\Boot::runCodeIgniter(Object(CodeIgniter\CodeIgniter))
#11 E:\laragon\www\Project-e-Keuangan\public\index.php(59): CodeIgniter\Boot::bootWeb(Object(Config\Paths))
#12 E:\laragon\www\Project-e-Keuangan\system\rewrite.php(44): require_once('E:\\laragon\\www\\...')
#13 {main}
CRITICAL - 2025-12-17 18:21:52 --> CodeIgniter\Database\Exceptions\DatabaseException: Unknown table 'tranksaksi'
[Method: GET, Route: data-kas/laporan/transaksi]
in SYSTEMPATH\Database\BaseConnection.php on line 692.
 1 SYSTEMPATH\Database\BaseBuilder.php(1649): CodeIgniter\Database\BaseConnection->query('SELECT `tranksaksi`.*, COALESCE(siswa.nama_siswa, siswa2.nama_siswa) as nama_siswa, COALESCE(siswa.nis, siswa2.nis) as nis, `guru`.`nama_guru`, `guru`.`nip`
FROM `transaksi`
LEFT JOIN `pembayaran_spp` ON `tranksaksi`.`id_pembayaran_spp` = `pembayaran_spp`.`id_pembayaran_spp`
LEFT JOIN `siswa` ON `pembayaran_spp`.`id_siswa` = `siswa`.`id_siswa`
LEFT JOIN `pembayaran_semester` ON `tranksaksi`.`id_pembayaran_semester` = `pembayaran_semester`.`id_pembayaran_semester`
LEFT JOIN `siswa` as `siswa2` ON `pembayaran_semester`.`id_siswa` = `siswa2`.`id_siswa`
LEFT JOIN `pembayaran_gaji` ON `tranksaksi`.`id_pembayaran_gaji` = `pembayaran_gaji`.`id_pembayaran_gaji`
LEFT JOIN `guru` ON `pembayaran_gaji`.`id_guru` = `guru`.`id_guru`
ORDER BY `tranksaksi`.`tanggal` DESC, `tranksaksi`.`created_at` DESC', [], false)
 2 APPPATH\Models\TransaksiModel.php(172): CodeIgniter\Database\BaseBuilder->get()
 3 APPPATH\Controllers\TransaksiController.php(27): App\Models\TransaksiModel->getLaporanTransaksi(null, null, null)
 4 SYSTEMPATH\CodeIgniter.php(933): App\Controllers\TransaksiController->index()
 5 SYSTEMPATH\CodeIgniter.php(507): CodeIgniter\CodeIgniter->runController(Object(App\Controllers\TransaksiController))
 6 SYSTEMPATH\CodeIgniter.php(354): CodeIgniter\CodeIgniter->handleRequest(null, Object(Config\Cache), false)
 7 SYSTEMPATH\Boot.php(334): CodeIgniter\CodeIgniter->run()
 8 SYSTEMPATH\Boot.php(67): CodeIgniter\Boot::runCodeIgniter(Object(CodeIgniter\CodeIgniter))
 9 FCPATH\index.php(59): CodeIgniter\Boot::bootWeb(Object(Config\Paths))
10 SYSTEMPATH\rewrite.php(44): require_once('E:\\laragon\\www\\Project-e-Keuangan\\public\\index.php')
CRITICAL - 2025-12-17 18:21:52 --> [Caused by] CodeIgniter\Database\Exceptions\DatabaseException: Unknown table 'tranksaksi'
in SYSTEMPATH\Database\MySQLi\Connection.php on line 332.
 1 SYSTEMPATH\Database\BaseConnection.php(738): CodeIgniter\Database\MySQLi\Connection->execute('SELECT `tranksaksi`.*, COALESCE(siswa.nama_siswa, siswa2.nama_siswa) as nama_siswa, COALESCE(siswa.nis, siswa2.nis) as nis, `guru`.`nama_guru`, `guru`.`nip`
FROM `transaksi`
LEFT JOIN `pembayaran_spp` ON `tranksaksi`.`id_pembayaran_spp` = `pembayaran_spp`.`id_pembayaran_spp`
LEFT JOIN `siswa` ON `pembayaran_spp`.`id_siswa` = `siswa`.`id_siswa`
LEFT JOIN `pembayaran_semester` ON `tranksaksi`.`id_pembayaran_semester` = `pembayaran_semester`.`id_pembayaran_semester`
LEFT JOIN `siswa` as `siswa2` ON `pembayaran_semester`.`id_siswa` = `siswa2`.`id_siswa`
LEFT JOIN `pembayaran_gaji` ON `tranksaksi`.`id_pembayaran_gaji` = `pembayaran_gaji`.`id_pembayaran_gaji`
LEFT JOIN `guru` ON `pembayaran_gaji`.`id_guru` = `guru`.`id_guru`
ORDER BY `tranksaksi`.`tanggal` DESC, `tranksaksi`.`created_at` DESC')
 2 SYSTEMPATH\Database\BaseConnection.php(652): CodeIgniter\Database\BaseConnection->simpleQuery('SELECT `tranksaksi`.*, COALESCE(siswa.nama_siswa, siswa2.nama_siswa) as nama_siswa, COALESCE(siswa.nis, siswa2.nis) as nis, `guru`.`nama_guru`, `guru`.`nip`
FROM `transaksi`
LEFT JOIN `pembayaran_spp` ON `tranksaksi`.`id_pembayaran_spp` = `pembayaran_spp`.`id_pembayaran_spp`
LEFT JOIN `siswa` ON `pembayaran_spp`.`id_siswa` = `siswa`.`id_siswa`
LEFT JOIN `pembayaran_semester` ON `tranksaksi`.`id_pembayaran_semester` = `pembayaran_semester`.`id_pembayaran_semester`
LEFT JOIN `siswa` as `siswa2` ON `pembayaran_semester`.`id_siswa` = `siswa2`.`id_siswa`
LEFT JOIN `pembayaran_gaji` ON `tranksaksi`.`id_pembayaran_gaji` = `pembayaran_gaji`.`id_pembayaran_gaji`
LEFT JOIN `guru` ON `pembayaran_gaji`.`id_guru` = `guru`.`id_guru`
ORDER BY `tranksaksi`.`tanggal` DESC, `tranksaksi`.`created_at` DESC')
 3 SYSTEMPATH\Database\BaseBuilder.php(1649): CodeIgniter\Database\BaseConnection->query('SELECT `tranksaksi`.*, COALESCE(siswa.nama_siswa, siswa2.nama_siswa) as nama_siswa, COALESCE(siswa.nis, siswa2.nis) as nis, `guru`.`nama_guru`, `guru`.`nip`
FROM `transaksi`
LEFT JOIN `pembayaran_spp` ON `tranksaksi`.`id_pembayaran_spp` = `pembayaran_spp`.`id_pembayaran_spp`
LEFT JOIN `siswa` ON `pembayaran_spp`.`id_siswa` = `siswa`.`id_siswa`
LEFT JOIN `pembayaran_semester` ON `tranksaksi`.`id_pembayaran_semester` = `pembayaran_semester`.`id_pembayaran_semester`
LEFT JOIN `siswa` as `siswa2` ON `pembayaran_semester`.`id_siswa` = `siswa2`.`id_siswa`
LEFT JOIN `pembayaran_gaji` ON `tranksaksi`.`id_pembayaran_gaji` = `pembayaran_gaji`.`id_pembayaran_gaji`
LEFT JOIN `guru` ON `pembayaran_gaji`.`id_guru` = `guru`.`id_guru`
ORDER BY `tranksaksi`.`tanggal` DESC, `tranksaksi`.`created_at` DESC', [], false)
 4 APPPATH\Models\TransaksiModel.php(172): CodeIgniter\Database\BaseBuilder->get()
 5 APPPATH\Controllers\TransaksiController.php(27): App\Models\TransaksiModel->getLaporanTransaksi(null, null, null)
 6 SYSTEMPATH\CodeIgniter.php(933): App\Controllers\TransaksiController->index()
 7 SYSTEMPATH\CodeIgniter.php(507): CodeIgniter\CodeIgniter->runController(Object(App\Controllers\TransaksiController))
 8 SYSTEMPATH\CodeIgniter.php(354): CodeIgniter\CodeIgniter->handleRequest(null, Object(Config\Cache), false)
 9 SYSTEMPATH\Boot.php(334): CodeIgniter\CodeIgniter->run()
10 SYSTEMPATH\Boot.php(67): CodeIgniter\Boot::runCodeIgniter(Object(CodeIgniter\CodeIgniter))
11 FCPATH\index.php(59): CodeIgniter\Boot::bootWeb(Object(Config\Paths))
12 SYSTEMPATH\rewrite.php(44): require_once('E:\\laragon\\www\\Project-e-Keuangan\\public\\index.php')
CRITICAL - 2025-12-17 18:21:52 --> [Caused by] mysqli_sql_exception: Unknown table 'tranksaksi'
in SYSTEMPATH\Database\MySQLi\Connection.php on line 327.
 1 SYSTEMPATH\Database\MySQLi\Connection.php(327): mysqli->query('SELECT `tranksaksi`.*, COALESCE(siswa.nama_siswa, siswa2.nama_siswa) as nama_siswa, COALESCE(siswa.nis, siswa2.nis) as nis, `guru`.`nama_guru`, `guru`.`nip`
FROM `transaksi`
LEFT JOIN `pembayaran_spp` ON `tranksaksi`.`id_pembayaran_spp` = `pembayaran_spp`.`id_pembayaran_spp`
LEFT JOIN `siswa` ON `pembayaran_spp`.`id_siswa` = `siswa`.`id_siswa`
LEFT JOIN `pembayaran_semester` ON `tranksaksi`.`id_pembayaran_semester` = `pembayaran_semester`.`id_pembayaran_semester`
LEFT JOIN `siswa` as `siswa2` ON `pembayaran_semester`.`id_siswa` = `siswa2`.`id_siswa`
LEFT JOIN `pembayaran_gaji` ON `tranksaksi`.`id_pembayaran_gaji` = `pembayaran_gaji`.`id_pembayaran_gaji`
LEFT JOIN `guru` ON `pembayaran_gaji`.`id_guru` = `guru`.`id_guru`
ORDER BY `tranksaksi`.`tanggal` DESC, `tranksaksi`.`created_at` DESC', 0)
 2 SYSTEMPATH\Database\BaseConnection.php(738): CodeIgniter\Database\MySQLi\Connection->execute('SELECT `tranksaksi`.*, COALESCE(siswa.nama_siswa, siswa2.nama_siswa) as nama_siswa, COALESCE(siswa.nis, siswa2.nis) as nis, `guru`.`nama_guru`, `guru`.`nip`
FROM `transaksi`
LEFT JOIN `pembayaran_spp` ON `tranksaksi`.`id_pembayaran_spp` = `pembayaran_spp`.`id_pembayaran_spp`
LEFT JOIN `siswa` ON `pembayaran_spp`.`id_siswa` = `siswa`.`id_siswa`
LEFT JOIN `pembayaran_semester` ON `tranksaksi`.`id_pembayaran_semester` = `pembayaran_semester`.`id_pembayaran_semester`
LEFT JOIN `siswa` as `siswa2` ON `pembayaran_semester`.`id_siswa` = `siswa2`.`id_siswa`
LEFT JOIN `pembayaran_gaji` ON `tranksaksi`.`id_pembayaran_gaji` = `pembayaran_gaji`.`id_pembayaran_gaji`
LEFT JOIN `guru` ON `pembayaran_gaji`.`id_guru` = `guru`.`id_guru`
ORDER BY `tranksaksi`.`tanggal` DESC, `tranksaksi`.`created_at` DESC')
 3 SYSTEMPATH\Database\BaseConnection.php(652): CodeIgniter\Database\BaseConnection->simpleQuery('SELECT `tranksaksi`.*, COALESCE(siswa.nama_siswa, siswa2.nama_siswa) as nama_siswa, COALESCE(siswa.nis, siswa2.nis) as nis, `guru`.`nama_guru`, `guru`.`nip`
FROM `transaksi`
LEFT JOIN `pembayaran_spp` ON `tranksaksi`.`id_pembayaran_spp` = `pembayaran_spp`.`id_pembayaran_spp`
LEFT JOIN `siswa` ON `pembayaran_spp`.`id_siswa` = `siswa`.`id_siswa`
LEFT JOIN `pembayaran_semester` ON `tranksaksi`.`id_pembayaran_semester` = `pembayaran_semester`.`id_pembayaran_semester`
LEFT JOIN `siswa` as `siswa2` ON `pembayaran_semester`.`id_siswa` = `siswa2`.`id_siswa`
LEFT JOIN `pembayaran_gaji` ON `tranksaksi`.`id_pembayaran_gaji` = `pembayaran_gaji`.`id_pembayaran_gaji`
LEFT JOIN `guru` ON `pembayaran_gaji`.`id_guru` = `guru`.`id_guru`
ORDER BY `tranksaksi`.`tanggal` DESC, `tranksaksi`.`created_at` DESC')
 4 SYSTEMPATH\Database\BaseBuilder.php(1649): CodeIgniter\Database\BaseConnection->query('SELECT `tranksaksi`.*, COALESCE(siswa.nama_siswa, siswa2.nama_siswa) as nama_siswa, COALESCE(siswa.nis, siswa2.nis) as nis, `guru`.`nama_guru`, `guru`.`nip`
FROM `transaksi`
LEFT JOIN `pembayaran_spp` ON `tranksaksi`.`id_pembayaran_spp` = `pembayaran_spp`.`id_pembayaran_spp`
LEFT JOIN `siswa` ON `pembayaran_spp`.`id_siswa` = `siswa`.`id_siswa`
LEFT JOIN `pembayaran_semester` ON `tranksaksi`.`id_pembayaran_semester` = `pembayaran_semester`.`id_pembayaran_semester`
LEFT JOIN `siswa` as `siswa2` ON `pembayaran_semester`.`id_siswa` = `siswa2`.`id_siswa`
LEFT JOIN `pembayaran_gaji` ON `tranksaksi`.`id_pembayaran_gaji` = `pembayaran_gaji`.`id_pembayaran_gaji`
LEFT JOIN `guru` ON `pembayaran_gaji`.`id_guru` = `guru`.`id_guru`
ORDER BY `tranksaksi`.`tanggal` DESC, `tranksaksi`.`created_at` DESC', [], false)
 5 APPPATH\Models\TransaksiModel.php(172): CodeIgniter\Database\BaseBuilder->get()
 6 APPPATH\Controllers\TransaksiController.php(27): App\Models\TransaksiModel->getLaporanTransaksi(null, null, null)
 7 SYSTEMPATH\CodeIgniter.php(933): App\Controllers\TransaksiController->index()
 8 SYSTEMPATH\CodeIgniter.php(507): CodeIgniter\CodeIgniter->runController(Object(App\Controllers\TransaksiController))
 9 SYSTEMPATH\CodeIgniter.php(354): CodeIgniter\CodeIgniter->handleRequest(null, Object(Config\Cache), false)
10 SYSTEMPATH\Boot.php(334): CodeIgniter\CodeIgniter->run()
11 SYSTEMPATH\Boot.php(67): CodeIgniter\Boot::runCodeIgniter(Object(CodeIgniter\CodeIgniter))
12 FCPATH\index.php(59): CodeIgniter\Boot::bootWeb(Object(Config\Paths))
13 SYSTEMPATH\rewrite.php(44): require_once('E:\\laragon\\www\\Project-e-Keuangan\\public\\index.php')
ERROR - 2025-12-17 18:25:16 --> mysqli_sql_exception: Unknown column 'pembayaran_gaji.id_guru' in 'on clause' in E:\laragon\www\Project-e-Keuangan\system\Database\MySQLi\Connection.php:327
Stack trace:
#0 E:\laragon\www\Project-e-Keuangan\system\Database\MySQLi\Connection.php(327): mysqli->query('SELECT `transak...', 0)
#1 E:\laragon\www\Project-e-Keuangan\system\Database\BaseConnection.php(738): CodeIgniter\Database\MySQLi\Connection->execute('SELECT `transak...')
#2 E:\laragon\www\Project-e-Keuangan\system\Database\BaseConnection.php(652): CodeIgniter\Database\BaseConnection->simpleQuery('SELECT `transak...')
#3 E:\laragon\www\Project-e-Keuangan\system\Database\BaseBuilder.php(1649): CodeIgniter\Database\BaseConnection->query('SELECT `transak...', Array, false)
#4 E:\laragon\www\Project-e-Keuangan\app\Models\TransaksiModel.php(172): CodeIgniter\Database\BaseBuilder->get()
#5 E:\laragon\www\Project-e-Keuangan\app\Controllers\TransaksiController.php(27): App\Models\TransaksiModel->getLaporanTransaksi(NULL, NULL, NULL)
#6 E:\laragon\www\Project-e-Keuangan\system\CodeIgniter.php(933): App\Controllers\TransaksiController->index()
#7 E:\laragon\www\Project-e-Keuangan\system\CodeIgniter.php(507): CodeIgniter\CodeIgniter->runController(Object(App\Controllers\TransaksiController))
#8 E:\laragon\www\Project-e-Keuangan\system\CodeIgniter.php(354): CodeIgniter\CodeIgniter->handleRequest(NULL, Object(Config\Cache), false)
#9 E:\laragon\www\Project-e-Keuangan\system\Boot.php(334): CodeIgniter\CodeIgniter->run()
#10 E:\laragon\www\Project-e-Keuangan\system\Boot.php(67): CodeIgniter\Boot::runCodeIgniter(Object(CodeIgniter\CodeIgniter))
#11 E:\laragon\www\Project-e-Keuangan\public\index.php(59): CodeIgniter\Boot::bootWeb(Object(Config\Paths))
#12 E:\laragon\www\Project-e-Keuangan\system\rewrite.php(44): require_once('E:\\laragon\\www\\...')
#13 {main}
CRITICAL - 2025-12-17 18:25:16 --> CodeIgniter\Database\Exceptions\DatabaseException: Unknown column 'pembayaran_gaji.id_guru' in 'on clause'
[Method: GET, Route: data-kas/laporan/transaksi]
in SYSTEMPATH\Database\BaseConnection.php on line 692.
 1 SYSTEMPATH\Database\BaseBuilder.php(1649): CodeIgniter\Database\BaseConnection->query('SELECT `transaksi`.*, COALESCE(siswa.nama_siswa, siswa2.nama_siswa) as nama_siswa, COALESCE(siswa.nis, siswa2.nis) as nis, `guru`.`nama_guru`, `guru`.`nip`
FROM `transaksi`
LEFT JOIN `pembayaran_spp` ON `transaksi`.`id_pembayaran_spp` = `pembayaran_spp`.`id_pembayaran_spp`
LEFT JOIN `siswa` ON `pembayaran_spp`.`id_siswa` = `siswa`.`id_siswa`
LEFT JOIN `pembayaran_semester` ON `transaksi`.`id_pembayaran_semester` = `pembayaran_semester`.`id_pembayaran_semester`
LEFT JOIN `siswa` as `siswa2` ON `pembayaran_semester`.`id_siswa` = `siswa2`.`id_siswa`
LEFT JOIN `pembayaran_gaji` ON `transaksi`.`id_pembayaran_gaji` = `pembayaran_gaji`.`id_pembayaran_gaji`
LEFT JOIN `guru` ON `pembayaran_gaji`.`id_guru` = `guru`.`id_guru`
ORDER BY `transaksi`.`tanggal` DESC, `transaksi`.`created_at` DESC', [], false)
 2 APPPATH\Models\TransaksiModel.php(172): CodeIgniter\Database\BaseBuilder->get()
 3 APPPATH\Controllers\TransaksiController.php(27): App\Models\TransaksiModel->getLaporanTransaksi(null, null, null)
 4 SYSTEMPATH\CodeIgniter.php(933): App\Controllers\TransaksiController->index()
 5 SYSTEMPATH\CodeIgniter.php(507): CodeIgniter\CodeIgniter->runController(Object(App\Controllers\TransaksiController))
 6 SYSTEMPATH\CodeIgniter.php(354): CodeIgniter\CodeIgniter->handleRequest(null, Object(Config\Cache), false)
 7 SYSTEMPATH\Boot.php(334): CodeIgniter\CodeIgniter->run()
 8 SYSTEMPATH\Boot.php(67): CodeIgniter\Boot::runCodeIgniter(Object(CodeIgniter\CodeIgniter))
 9 FCPATH\index.php(59): CodeIgniter\Boot::bootWeb(Object(Config\Paths))
10 SYSTEMPATH\rewrite.php(44): require_once('E:\\laragon\\www\\Project-e-Keuangan\\public\\index.php')
CRITICAL - 2025-12-17 18:25:16 --> [Caused by] CodeIgniter\Database\Exceptions\DatabaseException: Unknown column 'pembayaran_gaji.id_guru' in 'on clause'
in SYSTEMPATH\Database\MySQLi\Connection.php on line 332.
 1 SYSTEMPATH\Database\BaseConnection.php(738): CodeIgniter\Database\MySQLi\Connection->execute('SELECT `transaksi`.*, COALESCE(siswa.nama_siswa, siswa2.nama_siswa) as nama_siswa, COALESCE(siswa.nis, siswa2.nis) as nis, `guru`.`nama_guru`, `guru`.`nip`
FROM `transaksi`
LEFT JOIN `pembayaran_spp` ON `transaksi`.`id_pembayaran_spp` = `pembayaran_spp`.`id_pembayaran_spp`
LEFT JOIN `siswa` ON `pembayaran_spp`.`id_siswa` = `siswa`.`id_siswa`
LEFT JOIN `pembayaran_semester` ON `transaksi`.`id_pembayaran_semester` = `pembayaran_semester`.`id_pembayaran_semester`
LEFT JOIN `siswa` as `siswa2` ON `pembayaran_semester`.`id_siswa` = `siswa2`.`id_siswa`
LEFT JOIN `pembayaran_gaji` ON `transaksi`.`id_pembayaran_gaji` = `pembayaran_gaji`.`id_pembayaran_gaji`
LEFT JOIN `guru` ON `pembayaran_gaji`.`id_guru` = `guru`.`id_guru`
ORDER BY `transaksi`.`tanggal` DESC, `transaksi`.`created_at` DESC')
 2 SYSTEMPATH\Database\BaseConnection.php(652): CodeIgniter\Database\BaseConnection->simpleQuery('SELECT `transaksi`.*, COALESCE(siswa.nama_siswa, siswa2.nama_siswa) as nama_siswa, COALESCE(siswa.nis, siswa2.nis) as nis, `guru`.`nama_guru`, `guru`.`nip`
FROM `transaksi`
LEFT JOIN `pembayaran_spp` ON `transaksi`.`id_pembayaran_spp` = `pembayaran_spp`.`id_pembayaran_spp`
LEFT JOIN `siswa` ON `pembayaran_spp`.`id_siswa` = `siswa`.`id_siswa`
LEFT JOIN `pembayaran_semester` ON `transaksi`.`id_pembayaran_semester` = `pembayaran_semester`.`id_pembayaran_semester`
LEFT JOIN `siswa` as `siswa2` ON `pembayaran_semester`.`id_siswa` = `siswa2`.`id_siswa`
LEFT JOIN `pembayaran_gaji` ON `transaksi`.`id_pembayaran_gaji` = `pembayaran_gaji`.`id_pembayaran_gaji`
LEFT JOIN `guru` ON `pembayaran_gaji`.`id_guru` = `guru`.`id_guru`
ORDER BY `transaksi`.`tanggal` DESC, `transaksi`.`created_at` DESC')
 3 SYSTEMPATH\Database\BaseBuilder.php(1649): CodeIgniter\Database\BaseConnection->query('SELECT `transaksi`.*, COALESCE(siswa.nama_siswa, siswa2.nama_siswa) as nama_siswa, COALESCE(siswa.nis, siswa2.nis) as nis, `guru`.`nama_guru`, `guru`.`nip`
FROM `transaksi`
LEFT JOIN `pembayaran_spp` ON `transaksi`.`id_pembayaran_spp` = `pembayaran_spp`.`id_pembayaran_spp`
LEFT JOIN `siswa` ON `pembayaran_spp`.`id_siswa` = `siswa`.`id_siswa`
LEFT JOIN `pembayaran_semester` ON `transaksi`.`id_pembayaran_semester` = `pembayaran_semester`.`id_pembayaran_semester`
LEFT JOIN `siswa` as `siswa2` ON `pembayaran_semester`.`id_siswa` = `siswa2`.`id_siswa`
LEFT JOIN `pembayaran_gaji` ON `transaksi`.`id_pembayaran_gaji` = `pembayaran_gaji`.`id_pembayaran_gaji`
LEFT JOIN `guru` ON `pembayaran_gaji`.`id_guru` = `guru`.`id_guru`
ORDER BY `transaksi`.`tanggal` DESC, `transaksi`.`created_at` DESC', [], false)
 4 APPPATH\Models\TransaksiModel.php(172): CodeIgniter\Database\BaseBuilder->get()
 5 APPPATH\Controllers\TransaksiController.php(27): App\Models\TransaksiModel->getLaporanTransaksi(null, null, null)
 6 SYSTEMPATH\CodeIgniter.php(933): App\Controllers\TransaksiController->index()
 7 SYSTEMPATH\CodeIgniter.php(507): CodeIgniter\CodeIgniter->runController(Object(App\Controllers\TransaksiController))
 8 SYSTEMPATH\CodeIgniter.php(354): CodeIgniter\CodeIgniter->handleRequest(null, Object(Config\Cache), false)
 9 SYSTEMPATH\Boot.php(334): CodeIgniter\CodeIgniter->run()
10 SYSTEMPATH\Boot.php(67): CodeIgniter\Boot::runCodeIgniter(Object(CodeIgniter\CodeIgniter))
11 FCPATH\index.php(59): CodeIgniter\Boot::bootWeb(Object(Config\Paths))
12 SYSTEMPATH\rewrite.php(44): require_once('E:\\laragon\\www\\Project-e-Keuangan\\public\\index.php')
CRITICAL - 2025-12-17 18:25:16 --> [Caused by] mysqli_sql_exception: Unknown column 'pembayaran_gaji.id_guru' in 'on clause'
in SYSTEMPATH\Database\MySQLi\Connection.php on line 327.
 1 SYSTEMPATH\Database\MySQLi\Connection.php(327): mysqli->query('SELECT `transaksi`.*, COALESCE(siswa.nama_siswa, siswa2.nama_siswa) as nama_siswa, COALESCE(siswa.nis, siswa2.nis) as nis, `guru`.`nama_guru`, `guru`.`nip`
FROM `transaksi`
LEFT JOIN `pembayaran_spp` ON `transaksi`.`id_pembayaran_spp` = `pembayaran_spp`.`id_pembayaran_spp`
LEFT JOIN `siswa` ON `pembayaran_spp`.`id_siswa` = `siswa`.`id_siswa`
LEFT JOIN `pembayaran_semester` ON `transaksi`.`id_pembayaran_semester` = `pembayaran_semester`.`id_pembayaran_semester`
LEFT JOIN `siswa` as `siswa2` ON `pembayaran_semester`.`id_siswa` = `siswa2`.`id_siswa`
LEFT JOIN `pembayaran_gaji` ON `transaksi`.`id_pembayaran_gaji` = `pembayaran_gaji`.`id_pembayaran_gaji`
LEFT JOIN `guru` ON `pembayaran_gaji`.`id_guru` = `guru`.`id_guru`
ORDER BY `transaksi`.`tanggal` DESC, `transaksi`.`created_at` DESC', 0)
 2 SYSTEMPATH\Database\BaseConnection.php(738): CodeIgniter\Database\MySQLi\Connection->execute('SELECT `transaksi`.*, COALESCE(siswa.nama_siswa, siswa2.nama_siswa) as nama_siswa, COALESCE(siswa.nis, siswa2.nis) as nis, `guru`.`nama_guru`, `guru`.`nip`
FROM `transaksi`
LEFT JOIN `pembayaran_spp` ON `transaksi`.`id_pembayaran_spp` = `pembayaran_spp`.`id_pembayaran_spp`
LEFT JOIN `siswa` ON `pembayaran_spp`.`id_siswa` = `siswa`.`id_siswa`
LEFT JOIN `pembayaran_semester` ON `transaksi`.`id_pembayaran_semester` = `pembayaran_semester`.`id_pembayaran_semester`
LEFT JOIN `siswa` as `siswa2` ON `pembayaran_semester`.`id_siswa` = `siswa2`.`id_siswa`
LEFT JOIN `pembayaran_gaji` ON `transaksi`.`id_pembayaran_gaji` = `pembayaran_gaji`.`id_pembayaran_gaji`
LEFT JOIN `guru` ON `pembayaran_gaji`.`id_guru` = `guru`.`id_guru`
ORDER BY `transaksi`.`tanggal` DESC, `transaksi`.`created_at` DESC')
 3 SYSTEMPATH\Database\BaseConnection.php(652): CodeIgniter\Database\BaseConnection->simpleQuery('SELECT `transaksi`.*, COALESCE(siswa.nama_siswa, siswa2.nama_siswa) as nama_siswa, COALESCE(siswa.nis, siswa2.nis) as nis, `guru`.`nama_guru`, `guru`.`nip`
FROM `transaksi`
LEFT JOIN `pembayaran_spp` ON `transaksi`.`id_pembayaran_spp` = `pembayaran_spp`.`id_pembayaran_spp`
LEFT JOIN `siswa` ON `pembayaran_spp`.`id_siswa` = `siswa`.`id_siswa`
LEFT JOIN `pembayaran_semester` ON `transaksi`.`id_pembayaran_semester` = `pembayaran_semester`.`id_pembayaran_semester`
LEFT JOIN `siswa` as `siswa2` ON `pembayaran_semester`.`id_siswa` = `siswa2`.`id_siswa`
LEFT JOIN `pembayaran_gaji` ON `transaksi`.`id_pembayaran_gaji` = `pembayaran_gaji`.`id_pembayaran_gaji`
LEFT JOIN `guru` ON `pembayaran_gaji`.`id_guru` = `guru`.`id_guru`
ORDER BY `transaksi`.`tanggal` DESC, `transaksi`.`created_at` DESC')
 4 SYSTEMPATH\Database\BaseBuilder.php(1649): CodeIgniter\Database\BaseConnection->query('SELECT `transaksi`.*, COALESCE(siswa.nama_siswa, siswa2.nama_siswa) as nama_siswa, COALESCE(siswa.nis, siswa2.nis) as nis, `guru`.`nama_guru`, `guru`.`nip`
FROM `transaksi`
LEFT JOIN `pembayaran_spp` ON `transaksi`.`id_pembayaran_spp` = `pembayaran_spp`.`id_pembayaran_spp`
LEFT JOIN `siswa` ON `pembayaran_spp`.`id_siswa` = `siswa`.`id_siswa`
LEFT JOIN `pembayaran_semester` ON `transaksi`.`id_pembayaran_semester` = `pembayaran_semester`.`id_pembayaran_semester`
LEFT JOIN `siswa` as `siswa2` ON `pembayaran_semester`.`id_siswa` = `siswa2`.`id_siswa`
LEFT JOIN `pembayaran_gaji` ON `transaksi`.`id_pembayaran_gaji` = `pembayaran_gaji`.`id_pembayaran_gaji`
LEFT JOIN `guru` ON `pembayaran_gaji`.`id_guru` = `guru`.`id_guru`
ORDER BY `transaksi`.`tanggal` DESC, `transaksi`.`created_at` DESC', [], false)
 5 APPPATH\Models\TransaksiModel.php(172): CodeIgniter\Database\BaseBuilder->get()
 6 APPPATH\Controllers\TransaksiController.php(27): App\Models\TransaksiModel->getLaporanTransaksi(null, null, null)
 7 SYSTEMPATH\CodeIgniter.php(933): App\Controllers\TransaksiController->index()
 8 SYSTEMPATH\CodeIgniter.php(507): CodeIgniter\CodeIgniter->runController(Object(App\Controllers\TransaksiController))
 9 SYSTEMPATH\CodeIgniter.php(354): CodeIgniter\CodeIgniter->handleRequest(null, Object(Config\Cache), false)
10 SYSTEMPATH\Boot.php(334): CodeIgniter\CodeIgniter->run()
11 SYSTEMPATH\Boot.php(67): CodeIgniter\Boot::runCodeIgniter(Object(CodeIgniter\CodeIgniter))
12 FCPATH\index.php(59): CodeIgniter\Boot::bootWeb(Object(Config\Paths))
13 SYSTEMPATH\rewrite.php(44): require_once('E:\\laragon\\www\\Project-e-Keuangan\\public\\index.php')
ERROR - 2025-12-17 18:26:41 --> mysqli_sql_exception: Unknown column 'gaji.id_guru' in 'on clause' in E:\laragon\www\Project-e-Keuangan\system\Database\MySQLi\Connection.php:327
Stack trace:
#0 E:\laragon\www\Project-e-Keuangan\system\Database\MySQLi\Connection.php(327): mysqli->query('SELECT `transak...', 0)
#1 E:\laragon\www\Project-e-Keuangan\system\Database\BaseConnection.php(738): CodeIgniter\Database\MySQLi\Connection->execute('SELECT `transak...')
#2 E:\laragon\www\Project-e-Keuangan\system\Database\BaseConnection.php(652): CodeIgniter\Database\BaseConnection->simpleQuery('SELECT `transak...')
#3 E:\laragon\www\Project-e-Keuangan\system\Database\BaseBuilder.php(1649): CodeIgniter\Database\BaseConnection->query('SELECT `transak...', Array, false)
#4 E:\laragon\www\Project-e-Keuangan\app\Models\TransaksiModel.php(172): CodeIgniter\Database\BaseBuilder->get()
#5 E:\laragon\www\Project-e-Keuangan\app\Controllers\TransaksiController.php(27): App\Models\TransaksiModel->getLaporanTransaksi(NULL, NULL, NULL)
#6 E:\laragon\www\Project-e-Keuangan\system\CodeIgniter.php(933): App\Controllers\TransaksiController->index()
#7 E:\laragon\www\Project-e-Keuangan\system\CodeIgniter.php(507): CodeIgniter\CodeIgniter->runController(Object(App\Controllers\TransaksiController))
#8 E:\laragon\www\Project-e-Keuangan\system\CodeIgniter.php(354): CodeIgniter\CodeIgniter->handleRequest(NULL, Object(Config\Cache), false)
#9 E:\laragon\www\Project-e-Keuangan\system\Boot.php(334): CodeIgniter\CodeIgniter->run()
#10 E:\laragon\www\Project-e-Keuangan\system\Boot.php(67): CodeIgniter\Boot::runCodeIgniter(Object(CodeIgniter\CodeIgniter))
#11 E:\laragon\www\Project-e-Keuangan\public\index.php(59): CodeIgniter\Boot::bootWeb(Object(Config\Paths))
#12 E:\laragon\www\Project-e-Keuangan\system\rewrite.php(44): require_once('E:\\laragon\\www\\...')
#13 {main}
CRITICAL - 2025-12-17 18:26:41 --> CodeIgniter\Database\Exceptions\DatabaseException: Unknown column 'gaji.id_guru' in 'on clause'
[Method: GET, Route: data-kas/laporan/transaksi]
in SYSTEMPATH\Database\BaseConnection.php on line 692.
 1 SYSTEMPATH\Database\BaseBuilder.php(1649): CodeIgniter\Database\BaseConnection->query('SELECT `transaksi`.*, COALESCE(siswa.nama_siswa, siswa2.nama_siswa) as nama_siswa, COALESCE(siswa.nis, siswa2.nis) as nis, `guru`.`nama_guru`, `guru`.`nip`
FROM `transaksi`
LEFT JOIN `pembayaran_spp` ON `transaksi`.`id_pembayaran_spp` = `pembayaran_spp`.`id_pembayaran_spp`
LEFT JOIN `siswa` ON `pembayaran_spp`.`id_siswa` = `siswa`.`id_siswa`
LEFT JOIN `pembayaran_semester` ON `transaksi`.`id_pembayaran_semester` = `pembayaran_semester`.`id_pembayaran_semester`
LEFT JOIN `siswa` as `siswa2` ON `pembayaran_semester`.`id_siswa` = `siswa2`.`id_siswa`
LEFT JOIN `pembayaran_gaji` ON `transaksi`.`id_pembayaran_gaji` = `pembayaran_gaji`.`id_pembayaran_gaji`
LEFT JOIN `guru` ON `gaji`.`id_guru` = `guru`.`id_guru`
ORDER BY `transaksi`.`tanggal` DESC, `transaksi`.`created_at` DESC', [], false)
 2 APPPATH\Models\TransaksiModel.php(172): CodeIgniter\Database\BaseBuilder->get()
 3 APPPATH\Controllers\TransaksiController.php(27): App\Models\TransaksiModel->getLaporanTransaksi(null, null, null)
 4 SYSTEMPATH\CodeIgniter.php(933): App\Controllers\TransaksiController->index()
 5 SYSTEMPATH\CodeIgniter.php(507): CodeIgniter\CodeIgniter->runController(Object(App\Controllers\TransaksiController))
 6 SYSTEMPATH\CodeIgniter.php(354): CodeIgniter\CodeIgniter->handleRequest(null, Object(Config\Cache), false)
 7 SYSTEMPATH\Boot.php(334): CodeIgniter\CodeIgniter->run()
 8 SYSTEMPATH\Boot.php(67): CodeIgniter\Boot::runCodeIgniter(Object(CodeIgniter\CodeIgniter))
 9 FCPATH\index.php(59): CodeIgniter\Boot::bootWeb(Object(Config\Paths))
10 SYSTEMPATH\rewrite.php(44): require_once('E:\\laragon\\www\\Project-e-Keuangan\\public\\index.php')
CRITICAL - 2025-12-17 18:26:41 --> [Caused by] CodeIgniter\Database\Exceptions\DatabaseException: Unknown column 'gaji.id_guru' in 'on clause'
in SYSTEMPATH\Database\MySQLi\Connection.php on line 332.
 1 SYSTEMPATH\Database\BaseConnection.php(738): CodeIgniter\Database\MySQLi\Connection->execute('SELECT `transaksi`.*, COALESCE(siswa.nama_siswa, siswa2.nama_siswa) as nama_siswa, COALESCE(siswa.nis, siswa2.nis) as nis, `guru`.`nama_guru`, `guru`.`nip`
FROM `transaksi`
LEFT JOIN `pembayaran_spp` ON `transaksi`.`id_pembayaran_spp` = `pembayaran_spp`.`id_pembayaran_spp`
LEFT JOIN `siswa` ON `pembayaran_spp`.`id_siswa` = `siswa`.`id_siswa`
LEFT JOIN `pembayaran_semester` ON `transaksi`.`id_pembayaran_semester` = `pembayaran_semester`.`id_pembayaran_semester`
LEFT JOIN `siswa` as `siswa2` ON `pembayaran_semester`.`id_siswa` = `siswa2`.`id_siswa`
LEFT JOIN `pembayaran_gaji` ON `transaksi`.`id_pembayaran_gaji` = `pembayaran_gaji`.`id_pembayaran_gaji`
LEFT JOIN `guru` ON `gaji`.`id_guru` = `guru`.`id_guru`
ORDER BY `transaksi`.`tanggal` DESC, `transaksi`.`created_at` DESC')
 2 SYSTEMPATH\Database\BaseConnection.php(652): CodeIgniter\Database\BaseConnection->simpleQuery('SELECT `transaksi`.*, COALESCE(siswa.nama_siswa, siswa2.nama_siswa) as nama_siswa, COALESCE(siswa.nis, siswa2.nis) as nis, `guru`.`nama_guru`, `guru`.`nip`
FROM `transaksi`
LEFT JOIN `pembayaran_spp` ON `transaksi`.`id_pembayaran_spp` = `pembayaran_spp`.`id_pembayaran_spp`
LEFT JOIN `siswa` ON `pembayaran_spp`.`id_siswa` = `siswa`.`id_siswa`
LEFT JOIN `pembayaran_semester` ON `transaksi`.`id_pembayaran_semester` = `pembayaran_semester`.`id_pembayaran_semester`
LEFT JOIN `siswa` as `siswa2` ON `pembayaran_semester`.`id_siswa` = `siswa2`.`id_siswa`
LEFT JOIN `pembayaran_gaji` ON `transaksi`.`id_pembayaran_gaji` = `pembayaran_gaji`.`id_pembayaran_gaji`
LEFT JOIN `guru` ON `gaji`.`id_guru` = `guru`.`id_guru`
ORDER BY `transaksi`.`tanggal` DESC, `transaksi`.`created_at` DESC')
 3 SYSTEMPATH\Database\BaseBuilder.php(1649): CodeIgniter\Database\BaseConnection->query('SELECT `transaksi`.*, COALESCE(siswa.nama_siswa, siswa2.nama_siswa) as nama_siswa, COALESCE(siswa.nis, siswa2.nis) as nis, `guru`.`nama_guru`, `guru`.`nip`
FROM `transaksi`
LEFT JOIN `pembayaran_spp` ON `transaksi`.`id_pembayaran_spp` = `pembayaran_spp`.`id_pembayaran_spp`
LEFT JOIN `siswa` ON `pembayaran_spp`.`id_siswa` = `siswa`.`id_siswa`
LEFT JOIN `pembayaran_semester` ON `transaksi`.`id_pembayaran_semester` = `pembayaran_semester`.`id_pembayaran_semester`
LEFT JOIN `siswa` as `siswa2` ON `pembayaran_semester`.`id_siswa` = `siswa2`.`id_siswa`
LEFT JOIN `pembayaran_gaji` ON `transaksi`.`id_pembayaran_gaji` = `pembayaran_gaji`.`id_pembayaran_gaji`
LEFT JOIN `guru` ON `gaji`.`id_guru` = `guru`.`id_guru`
ORDER BY `transaksi`.`tanggal` DESC, `transaksi`.`created_at` DESC', [], false)
 4 APPPATH\Models\TransaksiModel.php(172): CodeIgniter\Database\BaseBuilder->get()
 5 APPPATH\Controllers\TransaksiController.php(27): App\Models\TransaksiModel->getLaporanTransaksi(null, null, null)
 6 SYSTEMPATH\CodeIgniter.php(933): App\Controllers\TransaksiController->index()
 7 SYSTEMPATH\CodeIgniter.php(507): CodeIgniter\CodeIgniter->runController(Object(App\Controllers\TransaksiController))
 8 SYSTEMPATH\CodeIgniter.php(354): CodeIgniter\CodeIgniter->handleRequest(null, Object(Config\Cache), false)
 9 SYSTEMPATH\Boot.php(334): CodeIgniter\CodeIgniter->run()
10 SYSTEMPATH\Boot.php(67): CodeIgniter\Boot::runCodeIgniter(Object(CodeIgniter\CodeIgniter))
11 FCPATH\index.php(59): CodeIgniter\Boot::bootWeb(Object(Config\Paths))
12 SYSTEMPATH\rewrite.php(44): require_once('E:\\laragon\\www\\Project-e-Keuangan\\public\\index.php')
CRITICAL - 2025-12-17 18:26:41 --> [Caused by] mysqli_sql_exception: Unknown column 'gaji.id_guru' in 'on clause'
in SYSTEMPATH\Database\MySQLi\Connection.php on line 327.
 1 SYSTEMPATH\Database\MySQLi\Connection.php(327): mysqli->query('SELECT `transaksi`.*, COALESCE(siswa.nama_siswa, siswa2.nama_siswa) as nama_siswa, COALESCE(siswa.nis, siswa2.nis) as nis, `guru`.`nama_guru`, `guru`.`nip`
FROM `transaksi`
LEFT JOIN `pembayaran_spp` ON `transaksi`.`id_pembayaran_spp` = `pembayaran_spp`.`id_pembayaran_spp`
LEFT JOIN `siswa` ON `pembayaran_spp`.`id_siswa` = `siswa`.`id_siswa`
LEFT JOIN `pembayaran_semester` ON `transaksi`.`id_pembayaran_semester` = `pembayaran_semester`.`id_pembayaran_semester`
LEFT JOIN `siswa` as `siswa2` ON `pembayaran_semester`.`id_siswa` = `siswa2`.`id_siswa`
LEFT JOIN `pembayaran_gaji` ON `transaksi`.`id_pembayaran_gaji` = `pembayaran_gaji`.`id_pembayaran_gaji`
LEFT JOIN `guru` ON `gaji`.`id_guru` = `guru`.`id_guru`
ORDER BY `transaksi`.`tanggal` DESC, `transaksi`.`created_at` DESC', 0)
 2 SYSTEMPATH\Database\BaseConnection.php(738): CodeIgniter\Database\MySQLi\Connection->execute('SELECT `transaksi`.*, COALESCE(siswa.nama_siswa, siswa2.nama_siswa) as nama_siswa, COALESCE(siswa.nis, siswa2.nis) as nis, `guru`.`nama_guru`, `guru`.`nip`
FROM `transaksi`
LEFT JOIN `pembayaran_spp` ON `transaksi`.`id_pembayaran_spp` = `pembayaran_spp`.`id_pembayaran_spp`
LEFT JOIN `siswa` ON `pembayaran_spp`.`id_siswa` = `siswa`.`id_siswa`
LEFT JOIN `pembayaran_semester` ON `transaksi`.`id_pembayaran_semester` = `pembayaran_semester`.`id_pembayaran_semester`
LEFT JOIN `siswa` as `siswa2` ON `pembayaran_semester`.`id_siswa` = `siswa2`.`id_siswa`
LEFT JOIN `pembayaran_gaji` ON `transaksi`.`id_pembayaran_gaji` = `pembayaran_gaji`.`id_pembayaran_gaji`
LEFT JOIN `guru` ON `gaji`.`id_guru` = `guru`.`id_guru`
ORDER BY `transaksi`.`tanggal` DESC, `transaksi`.`created_at` DESC')
 3 SYSTEMPATH\Database\BaseConnection.php(652): CodeIgniter\Database\BaseConnection->simpleQuery('SELECT `transaksi`.*, COALESCE(siswa.nama_siswa, siswa2.nama_siswa) as nama_siswa, COALESCE(siswa.nis, siswa2.nis) as nis, `guru`.`nama_guru`, `guru`.`nip`
FROM `transaksi`
LEFT JOIN `pembayaran_spp` ON `transaksi`.`id_pembayaran_spp` = `pembayaran_spp`.`id_pembayaran_spp`
LEFT JOIN `siswa` ON `pembayaran_spp`.`id_siswa` = `siswa`.`id_siswa`
LEFT JOIN `pembayaran_semester` ON `transaksi`.`id_pembayaran_semester` = `pembayaran_semester`.`id_pembayaran_semester`
LEFT JOIN `siswa` as `siswa2` ON `pembayaran_semester`.`id_siswa` = `siswa2`.`id_siswa`
LEFT JOIN `pembayaran_gaji` ON `transaksi`.`id_pembayaran_gaji` = `pembayaran_gaji`.`id_pembayaran_gaji`
LEFT JOIN `guru` ON `gaji`.`id_guru` = `guru`.`id_guru`
ORDER BY `transaksi`.`tanggal` DESC, `transaksi`.`created_at` DESC')
 4 SYSTEMPATH\Database\BaseBuilder.php(1649): CodeIgniter\Database\BaseConnection->query('SELECT `transaksi`.*, COALESCE(siswa.nama_siswa, siswa2.nama_siswa) as nama_siswa, COALESCE(siswa.nis, siswa2.nis) as nis, `guru`.`nama_guru`, `guru`.`nip`
FROM `transaksi`
LEFT JOIN `pembayaran_spp` ON `transaksi`.`id_pembayaran_spp` = `pembayaran_spp`.`id_pembayaran_spp`
LEFT JOIN `siswa` ON `pembayaran_spp`.`id_siswa` = `siswa`.`id_siswa`
LEFT JOIN `pembayaran_semester` ON `transaksi`.`id_pembayaran_semester` = `pembayaran_semester`.`id_pembayaran_semester`
LEFT JOIN `siswa` as `siswa2` ON `pembayaran_semester`.`id_siswa` = `siswa2`.`id_siswa`
LEFT JOIN `pembayaran_gaji` ON `transaksi`.`id_pembayaran_gaji` = `pembayaran_gaji`.`id_pembayaran_gaji`
LEFT JOIN `guru` ON `gaji`.`id_guru` = `guru`.`id_guru`
ORDER BY `transaksi`.`tanggal` DESC, `transaksi`.`created_at` DESC', [], false)
 5 APPPATH\Models\TransaksiModel.php(172): CodeIgniter\Database\BaseBuilder->get()
 6 APPPATH\Controllers\TransaksiController.php(27): App\Models\TransaksiModel->getLaporanTransaksi(null, null, null)
 7 SYSTEMPATH\CodeIgniter.php(933): App\Controllers\TransaksiController->index()
 8 SYSTEMPATH\CodeIgniter.php(507): CodeIgniter\CodeIgniter->runController(Object(App\Controllers\TransaksiController))
 9 SYSTEMPATH\CodeIgniter.php(354): CodeIgniter\CodeIgniter->handleRequest(null, Object(Config\Cache), false)
10 SYSTEMPATH\Boot.php(334): CodeIgniter\CodeIgniter->run()
11 SYSTEMPATH\Boot.php(67): CodeIgniter\Boot::runCodeIgniter(Object(CodeIgniter\CodeIgniter))
12 FCPATH\index.php(59): CodeIgniter\Boot::bootWeb(Object(Config\Paths))
13 SYSTEMPATH\rewrite.php(44): require_once('E:\\laragon\\www\\Project-e-Keuangan\\public\\index.php')
ERROR - 2025-12-17 18:27:23 --> mysqli_sql_exception: Unknown column 'gaji.id_guru' in 'on clause' in E:\laragon\www\Project-e-Keuangan\system\Database\MySQLi\Connection.php:327
Stack trace:
#0 E:\laragon\www\Project-e-Keuangan\system\Database\MySQLi\Connection.php(327): mysqli->query('SELECT `transak...', 0)
#1 E:\laragon\www\Project-e-Keuangan\system\Database\BaseConnection.php(738): CodeIgniter\Database\MySQLi\Connection->execute('SELECT `transak...')
#2 E:\laragon\www\Project-e-Keuangan\system\Database\BaseConnection.php(652): CodeIgniter\Database\BaseConnection->simpleQuery('SELECT `transak...')
#3 E:\laragon\www\Project-e-Keuangan\system\Database\BaseBuilder.php(1649): CodeIgniter\Database\BaseConnection->query('SELECT `transak...', Array, false)
#4 E:\laragon\www\Project-e-Keuangan\app\Models\TransaksiModel.php(172): CodeIgniter\Database\BaseBuilder->get()
#5 E:\laragon\www\Project-e-Keuangan\app\Controllers\TransaksiController.php(27): App\Models\TransaksiModel->getLaporanTransaksi(NULL, NULL, NULL)
#6 E:\laragon\www\Project-e-Keuangan\system\CodeIgniter.php(933): App\Controllers\TransaksiController->index()
#7 E:\laragon\www\Project-e-Keuangan\system\CodeIgniter.php(507): CodeIgniter\CodeIgniter->runController(Object(App\Controllers\TransaksiController))
#8 E:\laragon\www\Project-e-Keuangan\system\CodeIgniter.php(354): CodeIgniter\CodeIgniter->handleRequest(NULL, Object(Config\Cache), false)
#9 E:\laragon\www\Project-e-Keuangan\system\Boot.php(334): CodeIgniter\CodeIgniter->run()
#10 E:\laragon\www\Project-e-Keuangan\system\Boot.php(67): CodeIgniter\Boot::runCodeIgniter(Object(CodeIgniter\CodeIgniter))
#11 E:\laragon\www\Project-e-Keuangan\public\index.php(59): CodeIgniter\Boot::bootWeb(Object(Config\Paths))
#12 E:\laragon\www\Project-e-Keuangan\system\rewrite.php(44): require_once('E:\\laragon\\www\\...')
#13 {main}
CRITICAL - 2025-12-17 18:27:23 --> CodeIgniter\Database\Exceptions\DatabaseException: Unknown column 'gaji.id_guru' in 'on clause'
[Method: GET, Route: data-kas/laporan/transaksi]
in SYSTEMPATH\Database\BaseConnection.php on line 692.
 1 SYSTEMPATH\Database\BaseBuilder.php(1649): CodeIgniter\Database\BaseConnection->query('SELECT `transaksi`.*, COALESCE(siswa.nama_siswa, siswa2.nama_siswa) as nama_siswa, COALESCE(siswa.nis, siswa2.nis) as nis, `guru`.`nama_guru`, `guru`.`nip`
FROM `transaksi`
LEFT JOIN `pembayaran_spp` ON `transaksi`.`id_pembayaran_spp` = `pembayaran_spp`.`id_pembayaran_spp`
LEFT JOIN `siswa` ON `pembayaran_spp`.`id_siswa` = `siswa`.`id_siswa`
LEFT JOIN `pembayaran_semester` ON `transaksi`.`id_pembayaran_semester` = `pembayaran_semester`.`id_pembayaran_semester`
LEFT JOIN `siswa` as `siswa2` ON `pembayaran_semester`.`id_siswa` = `siswa2`.`id_siswa`
LEFT JOIN `pembayaran_gaji` ON `transaksi`.`id_pembayaran_gaji` = `pembayaran_gaji`.`id_pembayaran_gaji`
LEFT JOIN `guru` ON `gaji`.`id_guru` = `guru`.`id_guru`
ORDER BY `transaksi`.`tanggal` DESC, `transaksi`.`created_at` DESC', [], false)
 2 APPPATH\Models\TransaksiModel.php(172): CodeIgniter\Database\BaseBuilder->get()
 3 APPPATH\Controllers\TransaksiController.php(27): App\Models\TransaksiModel->getLaporanTransaksi(null, null, null)
 4 SYSTEMPATH\CodeIgniter.php(933): App\Controllers\TransaksiController->index()
 5 SYSTEMPATH\CodeIgniter.php(507): CodeIgniter\CodeIgniter->runController(Object(App\Controllers\TransaksiController))
 6 SYSTEMPATH\CodeIgniter.php(354): CodeIgniter\CodeIgniter->handleRequest(null, Object(Config\Cache), false)
 7 SYSTEMPATH\Boot.php(334): CodeIgniter\CodeIgniter->run()
 8 SYSTEMPATH\Boot.php(67): CodeIgniter\Boot::runCodeIgniter(Object(CodeIgniter\CodeIgniter))
 9 FCPATH\index.php(59): CodeIgniter\Boot::bootWeb(Object(Config\Paths))
10 SYSTEMPATH\rewrite.php(44): require_once('E:\\laragon\\www\\Project-e-Keuangan\\public\\index.php')
CRITICAL - 2025-12-17 18:27:23 --> [Caused by] CodeIgniter\Database\Exceptions\DatabaseException: Unknown column 'gaji.id_guru' in 'on clause'
in SYSTEMPATH\Database\MySQLi\Connection.php on line 332.
 1 SYSTEMPATH\Database\BaseConnection.php(738): CodeIgniter\Database\MySQLi\Connection->execute('SELECT `transaksi`.*, COALESCE(siswa.nama_siswa, siswa2.nama_siswa) as nama_siswa, COALESCE(siswa.nis, siswa2.nis) as nis, `guru`.`nama_guru`, `guru`.`nip`
FROM `transaksi`
LEFT JOIN `pembayaran_spp` ON `transaksi`.`id_pembayaran_spp` = `pembayaran_spp`.`id_pembayaran_spp`
LEFT JOIN `siswa` ON `pembayaran_spp`.`id_siswa` = `siswa`.`id_siswa`
LEFT JOIN `pembayaran_semester` ON `transaksi`.`id_pembayaran_semester` = `pembayaran_semester`.`id_pembayaran_semester`
LEFT JOIN `siswa` as `siswa2` ON `pembayaran_semester`.`id_siswa` = `siswa2`.`id_siswa`
LEFT JOIN `pembayaran_gaji` ON `transaksi`.`id_pembayaran_gaji` = `pembayaran_gaji`.`id_pembayaran_gaji`
LEFT JOIN `guru` ON `gaji`.`id_guru` = `guru`.`id_guru`
ORDER BY `transaksi`.`tanggal` DESC, `transaksi`.`created_at` DESC')
 2 SYSTEMPATH\Database\BaseConnection.php(652): CodeIgniter\Database\BaseConnection->simpleQuery('SELECT `transaksi`.*, COALESCE(siswa.nama_siswa, siswa2.nama_siswa) as nama_siswa, COALESCE(siswa.nis, siswa2.nis) as nis, `guru`.`nama_guru`, `guru`.`nip`
FROM `transaksi`
LEFT JOIN `pembayaran_spp` ON `transaksi`.`id_pembayaran_spp` = `pembayaran_spp`.`id_pembayaran_spp`
LEFT JOIN `siswa` ON `pembayaran_spp`.`id_siswa` = `siswa`.`id_siswa`
LEFT JOIN `pembayaran_semester` ON `transaksi`.`id_pembayaran_semester` = `pembayaran_semester`.`id_pembayaran_semester`
LEFT JOIN `siswa` as `siswa2` ON `pembayaran_semester`.`id_siswa` = `siswa2`.`id_siswa`
LEFT JOIN `pembayaran_gaji` ON `transaksi`.`id_pembayaran_gaji` = `pembayaran_gaji`.`id_pembayaran_gaji`
LEFT JOIN `guru` ON `gaji`.`id_guru` = `guru`.`id_guru`
ORDER BY `transaksi`.`tanggal` DESC, `transaksi`.`created_at` DESC')
 3 SYSTEMPATH\Database\BaseBuilder.php(1649): CodeIgniter\Database\BaseConnection->query('SELECT `transaksi`.*, COALESCE(siswa.nama_siswa, siswa2.nama_siswa) as nama_siswa, COALESCE(siswa.nis, siswa2.nis) as nis, `guru`.`nama_guru`, `guru`.`nip`
FROM `transaksi`
LEFT JOIN `pembayaran_spp` ON `transaksi`.`id_pembayaran_spp` = `pembayaran_spp`.`id_pembayaran_spp`
LEFT JOIN `siswa` ON `pembayaran_spp`.`id_siswa` = `siswa`.`id_siswa`
LEFT JOIN `pembayaran_semester` ON `transaksi`.`id_pembayaran_semester` = `pembayaran_semester`.`id_pembayaran_semester`
LEFT JOIN `siswa` as `siswa2` ON `pembayaran_semester`.`id_siswa` = `siswa2`.`id_siswa`
LEFT JOIN `pembayaran_gaji` ON `transaksi`.`id_pembayaran_gaji` = `pembayaran_gaji`.`id_pembayaran_gaji`
LEFT JOIN `guru` ON `gaji`.`id_guru` = `guru`.`id_guru`
ORDER BY `transaksi`.`tanggal` DESC, `transaksi`.`created_at` DESC', [], false)
 4 APPPATH\Models\TransaksiModel.php(172): CodeIgniter\Database\BaseBuilder->get()
 5 APPPATH\Controllers\TransaksiController.php(27): App\Models\TransaksiModel->getLaporanTransaksi(null, null, null)
 6 SYSTEMPATH\CodeIgniter.php(933): App\Controllers\TransaksiController->index()
 7 SYSTEMPATH\CodeIgniter.php(507): CodeIgniter\CodeIgniter->runController(Object(App\Controllers\TransaksiController))
 8 SYSTEMPATH\CodeIgniter.php(354): CodeIgniter\CodeIgniter->handleRequest(null, Object(Config\Cache), false)
 9 SYSTEMPATH\Boot.php(334): CodeIgniter\CodeIgniter->run()
10 SYSTEMPATH\Boot.php(67): CodeIgniter\Boot::runCodeIgniter(Object(CodeIgniter\CodeIgniter))
11 FCPATH\index.php(59): CodeIgniter\Boot::bootWeb(Object(Config\Paths))
12 SYSTEMPATH\rewrite.php(44): require_once('E:\\laragon\\www\\Project-e-Keuangan\\public\\index.php')
CRITICAL - 2025-12-17 18:27:23 --> [Caused by] mysqli_sql_exception: Unknown column 'gaji.id_guru' in 'on clause'
in SYSTEMPATH\Database\MySQLi\Connection.php on line 327.
 1 SYSTEMPATH\Database\MySQLi\Connection.php(327): mysqli->query('SELECT `transaksi`.*, COALESCE(siswa.nama_siswa, siswa2.nama_siswa) as nama_siswa, COALESCE(siswa.nis, siswa2.nis) as nis, `guru`.`nama_guru`, `guru`.`nip`
FROM `transaksi`
LEFT JOIN `pembayaran_spp` ON `transaksi`.`id_pembayaran_spp` = `pembayaran_spp`.`id_pembayaran_spp`
LEFT JOIN `siswa` ON `pembayaran_spp`.`id_siswa` = `siswa`.`id_siswa`
LEFT JOIN `pembayaran_semester` ON `transaksi`.`id_pembayaran_semester` = `pembayaran_semester`.`id_pembayaran_semester`
LEFT JOIN `siswa` as `siswa2` ON `pembayaran_semester`.`id_siswa` = `siswa2`.`id_siswa`
LEFT JOIN `pembayaran_gaji` ON `transaksi`.`id_pembayaran_gaji` = `pembayaran_gaji`.`id_pembayaran_gaji`
LEFT JOIN `guru` ON `gaji`.`id_guru` = `guru`.`id_guru`
ORDER BY `transaksi`.`tanggal` DESC, `transaksi`.`created_at` DESC', 0)
 2 SYSTEMPATH\Database\BaseConnection.php(738): CodeIgniter\Database\MySQLi\Connection->execute('SELECT `transaksi`.*, COALESCE(siswa.nama_siswa, siswa2.nama_siswa) as nama_siswa, COALESCE(siswa.nis, siswa2.nis) as nis, `guru`.`nama_guru`, `guru`.`nip`
FROM `transaksi`
LEFT JOIN `pembayaran_spp` ON `transaksi`.`id_pembayaran_spp` = `pembayaran_spp`.`id_pembayaran_spp`
LEFT JOIN `siswa` ON `pembayaran_spp`.`id_siswa` = `siswa`.`id_siswa`
LEFT JOIN `pembayaran_semester` ON `transaksi`.`id_pembayaran_semester` = `pembayaran_semester`.`id_pembayaran_semester`
LEFT JOIN `siswa` as `siswa2` ON `pembayaran_semester`.`id_siswa` = `siswa2`.`id_siswa`
LEFT JOIN `pembayaran_gaji` ON `transaksi`.`id_pembayaran_gaji` = `pembayaran_gaji`.`id_pembayaran_gaji`
LEFT JOIN `guru` ON `gaji`.`id_guru` = `guru`.`id_guru`
ORDER BY `transaksi`.`tanggal` DESC, `transaksi`.`created_at` DESC')
 3 SYSTEMPATH\Database\BaseConnection.php(652): CodeIgniter\Database\BaseConnection->simpleQuery('SELECT `transaksi`.*, COALESCE(siswa.nama_siswa, siswa2.nama_siswa) as nama_siswa, COALESCE(siswa.nis, siswa2.nis) as nis, `guru`.`nama_guru`, `guru`.`nip`
FROM `transaksi`
LEFT JOIN `pembayaran_spp` ON `transaksi`.`id_pembayaran_spp` = `pembayaran_spp`.`id_pembayaran_spp`
LEFT JOIN `siswa` ON `pembayaran_spp`.`id_siswa` = `siswa`.`id_siswa`
LEFT JOIN `pembayaran_semester` ON `transaksi`.`id_pembayaran_semester` = `pembayaran_semester`.`id_pembayaran_semester`
LEFT JOIN `siswa` as `siswa2` ON `pembayaran_semester`.`id_siswa` = `siswa2`.`id_siswa`
LEFT JOIN `pembayaran_gaji` ON `transaksi`.`id_pembayaran_gaji` = `pembayaran_gaji`.`id_pembayaran_gaji`
LEFT JOIN `guru` ON `gaji`.`id_guru` = `guru`.`id_guru`
ORDER BY `transaksi`.`tanggal` DESC, `transaksi`.`created_at` DESC')
 4 SYSTEMPATH\Database\BaseBuilder.php(1649): CodeIgniter\Database\BaseConnection->query('SELECT `transaksi`.*, COALESCE(siswa.nama_siswa, siswa2.nama_siswa) as nama_siswa, COALESCE(siswa.nis, siswa2.nis) as nis, `guru`.`nama_guru`, `guru`.`nip`
FROM `transaksi`
LEFT JOIN `pembayaran_spp` ON `transaksi`.`id_pembayaran_spp` = `pembayaran_spp`.`id_pembayaran_spp`
LEFT JOIN `siswa` ON `pembayaran_spp`.`id_siswa` = `siswa`.`id_siswa`
LEFT JOIN `pembayaran_semester` ON `transaksi`.`id_pembayaran_semester` = `pembayaran_semester`.`id_pembayaran_semester`
LEFT JOIN `siswa` as `siswa2` ON `pembayaran_semester`.`id_siswa` = `siswa2`.`id_siswa`
LEFT JOIN `pembayaran_gaji` ON `transaksi`.`id_pembayaran_gaji` = `pembayaran_gaji`.`id_pembayaran_gaji`
LEFT JOIN `guru` ON `gaji`.`id_guru` = `guru`.`id_guru`
ORDER BY `transaksi`.`tanggal` DESC, `transaksi`.`created_at` DESC', [], false)
 5 APPPATH\Models\TransaksiModel.php(172): CodeIgniter\Database\BaseBuilder->get()
 6 APPPATH\Controllers\TransaksiController.php(27): App\Models\TransaksiModel->getLaporanTransaksi(null, null, null)
 7 SYSTEMPATH\CodeIgniter.php(933): App\Controllers\TransaksiController->index()
 8 SYSTEMPATH\CodeIgniter.php(507): CodeIgniter\CodeIgniter->runController(Object(App\Controllers\TransaksiController))
 9 SYSTEMPATH\CodeIgniter.php(354): CodeIgniter\CodeIgniter->handleRequest(null, Object(Config\Cache), false)
10 SYSTEMPATH\Boot.php(334): CodeIgniter\CodeIgniter->run()
11 SYSTEMPATH\Boot.php(67): CodeIgniter\Boot::runCodeIgniter(Object(CodeIgniter\CodeIgniter))
12 FCPATH\index.php(59): CodeIgniter\Boot::bootWeb(Object(Config\Paths))
13 SYSTEMPATH\rewrite.php(44): require_once('E:\\laragon\\www\\Project-e-Keuangan\\public\\index.php')
ERROR - 2025-12-17 18:27:25 --> mysqli_sql_exception: Unknown column 'gaji.id_guru' in 'on clause' in E:\laragon\www\Project-e-Keuangan\system\Database\MySQLi\Connection.php:327
Stack trace:
#0 E:\laragon\www\Project-e-Keuangan\system\Database\MySQLi\Connection.php(327): mysqli->query('SELECT `transak...', 0)
#1 E:\laragon\www\Project-e-Keuangan\system\Database\BaseConnection.php(738): CodeIgniter\Database\MySQLi\Connection->execute('SELECT `transak...')
#2 E:\laragon\www\Project-e-Keuangan\system\Database\BaseConnection.php(652): CodeIgniter\Database\BaseConnection->simpleQuery('SELECT `transak...')
#3 E:\laragon\www\Project-e-Keuangan\system\Database\BaseBuilder.php(1649): CodeIgniter\Database\BaseConnection->query('SELECT `transak...', Array, false)
#4 E:\laragon\www\Project-e-Keuangan\app\Models\TransaksiModel.php(172): CodeIgniter\Database\BaseBuilder->get()
#5 E:\laragon\www\Project-e-Keuangan\app\Controllers\TransaksiController.php(27): App\Models\TransaksiModel->getLaporanTransaksi(NULL, NULL, NULL)
#6 E:\laragon\www\Project-e-Keuangan\system\CodeIgniter.php(933): App\Controllers\TransaksiController->index()
#7 E:\laragon\www\Project-e-Keuangan\system\CodeIgniter.php(507): CodeIgniter\CodeIgniter->runController(Object(App\Controllers\TransaksiController))
#8 E:\laragon\www\Project-e-Keuangan\system\CodeIgniter.php(354): CodeIgniter\CodeIgniter->handleRequest(NULL, Object(Config\Cache), false)
#9 E:\laragon\www\Project-e-Keuangan\system\Boot.php(334): CodeIgniter\CodeIgniter->run()
#10 E:\laragon\www\Project-e-Keuangan\system\Boot.php(67): CodeIgniter\Boot::runCodeIgniter(Object(CodeIgniter\CodeIgniter))
#11 E:\laragon\www\Project-e-Keuangan\public\index.php(59): CodeIgniter\Boot::bootWeb(Object(Config\Paths))
#12 E:\laragon\www\Project-e-Keuangan\system\rewrite.php(44): require_once('E:\\laragon\\www\\...')
#13 {main}
CRITICAL - 2025-12-17 18:27:25 --> CodeIgniter\Database\Exceptions\DatabaseException: Unknown column 'gaji.id_guru' in 'on clause'
[Method: GET, Route: data-kas/laporan/transaksi]
in SYSTEMPATH\Database\BaseConnection.php on line 692.
 1 SYSTEMPATH\Database\BaseBuilder.php(1649): CodeIgniter\Database\BaseConnection->query('SELECT `transaksi`.*, COALESCE(siswa.nama_siswa, siswa2.nama_siswa) as nama_siswa, COALESCE(siswa.nis, siswa2.nis) as nis, `guru`.`nama_guru`, `guru`.`nip`
FROM `transaksi`
LEFT JOIN `pembayaran_spp` ON `transaksi`.`id_pembayaran_spp` = `pembayaran_spp`.`id_pembayaran_spp`
LEFT JOIN `siswa` ON `pembayaran_spp`.`id_siswa` = `siswa`.`id_siswa`
LEFT JOIN `pembayaran_semester` ON `transaksi`.`id_pembayaran_semester` = `pembayaran_semester`.`id_pembayaran_semester`
LEFT JOIN `siswa` as `siswa2` ON `pembayaran_semester`.`id_siswa` = `siswa2`.`id_siswa`
LEFT JOIN `pembayaran_gaji` ON `transaksi`.`id_pembayaran_gaji` = `pembayaran_gaji`.`id_pembayaran_gaji`
LEFT JOIN `guru` ON `gaji`.`id_guru` = `guru`.`id_guru`
ORDER BY `transaksi`.`tanggal` DESC, `transaksi`.`created_at` DESC', [], false)
 2 APPPATH\Models\TransaksiModel.php(172): CodeIgniter\Database\BaseBuilder->get()
 3 APPPATH\Controllers\TransaksiController.php(27): App\Models\TransaksiModel->getLaporanTransaksi(null, null, null)
 4 SYSTEMPATH\CodeIgniter.php(933): App\Controllers\TransaksiController->index()
 5 SYSTEMPATH\CodeIgniter.php(507): CodeIgniter\CodeIgniter->runController(Object(App\Controllers\TransaksiController))
 6 SYSTEMPATH\CodeIgniter.php(354): CodeIgniter\CodeIgniter->handleRequest(null, Object(Config\Cache), false)
 7 SYSTEMPATH\Boot.php(334): CodeIgniter\CodeIgniter->run()
 8 SYSTEMPATH\Boot.php(67): CodeIgniter\Boot::runCodeIgniter(Object(CodeIgniter\CodeIgniter))
 9 FCPATH\index.php(59): CodeIgniter\Boot::bootWeb(Object(Config\Paths))
10 SYSTEMPATH\rewrite.php(44): require_once('E:\\laragon\\www\\Project-e-Keuangan\\public\\index.php')
CRITICAL - 2025-12-17 18:27:25 --> [Caused by] CodeIgniter\Database\Exceptions\DatabaseException: Unknown column 'gaji.id_guru' in 'on clause'
in SYSTEMPATH\Database\MySQLi\Connection.php on line 332.
 1 SYSTEMPATH\Database\BaseConnection.php(738): CodeIgniter\Database\MySQLi\Connection->execute('SELECT `transaksi`.*, COALESCE(siswa.nama_siswa, siswa2.nama_siswa) as nama_siswa, COALESCE(siswa.nis, siswa2.nis) as nis, `guru`.`nama_guru`, `guru`.`nip`
FROM `transaksi`
LEFT JOIN `pembayaran_spp` ON `transaksi`.`id_pembayaran_spp` = `pembayaran_spp`.`id_pembayaran_spp`
LEFT JOIN `siswa` ON `pembayaran_spp`.`id_siswa` = `siswa`.`id_siswa`
LEFT JOIN `pembayaran_semester` ON `transaksi`.`id_pembayaran_semester` = `pembayaran_semester`.`id_pembayaran_semester`
LEFT JOIN `siswa` as `siswa2` ON `pembayaran_semester`.`id_siswa` = `siswa2`.`id_siswa`
LEFT JOIN `pembayaran_gaji` ON `transaksi`.`id_pembayaran_gaji` = `pembayaran_gaji`.`id_pembayaran_gaji`
LEFT JOIN `guru` ON `gaji`.`id_guru` = `guru`.`id_guru`
ORDER BY `transaksi`.`tanggal` DESC, `transaksi`.`created_at` DESC')
 2 SYSTEMPATH\Database\BaseConnection.php(652): CodeIgniter\Database\BaseConnection->simpleQuery('SELECT `transaksi`.*, COALESCE(siswa.nama_siswa, siswa2.nama_siswa) as nama_siswa, COALESCE(siswa.nis, siswa2.nis) as nis, `guru`.`nama_guru`, `guru`.`nip`
FROM `transaksi`
LEFT JOIN `pembayaran_spp` ON `transaksi`.`id_pembayaran_spp` = `pembayaran_spp`.`id_pembayaran_spp`
LEFT JOIN `siswa` ON `pembayaran_spp`.`id_siswa` = `siswa`.`id_siswa`
LEFT JOIN `pembayaran_semester` ON `transaksi`.`id_pembayaran_semester` = `pembayaran_semester`.`id_pembayaran_semester`
LEFT JOIN `siswa` as `siswa2` ON `pembayaran_semester`.`id_siswa` = `siswa2`.`id_siswa`
LEFT JOIN `pembayaran_gaji` ON `transaksi`.`id_pembayaran_gaji` = `pembayaran_gaji`.`id_pembayaran_gaji`
LEFT JOIN `guru` ON `gaji`.`id_guru` = `guru`.`id_guru`
ORDER BY `transaksi`.`tanggal` DESC, `transaksi`.`created_at` DESC')
 3 SYSTEMPATH\Database\BaseBuilder.php(1649): CodeIgniter\Database\BaseConnection->query('SELECT `transaksi`.*, COALESCE(siswa.nama_siswa, siswa2.nama_siswa) as nama_siswa, COALESCE(siswa.nis, siswa2.nis) as nis, `guru`.`nama_guru`, `guru`.`nip`
FROM `transaksi`
LEFT JOIN `pembayaran_spp` ON `transaksi`.`id_pembayaran_spp` = `pembayaran_spp`.`id_pembayaran_spp`
LEFT JOIN `siswa` ON `pembayaran_spp`.`id_siswa` = `siswa`.`id_siswa`
LEFT JOIN `pembayaran_semester` ON `transaksi`.`id_pembayaran_semester` = `pembayaran_semester`.`id_pembayaran_semester`
LEFT JOIN `siswa` as `siswa2` ON `pembayaran_semester`.`id_siswa` = `siswa2`.`id_siswa`
LEFT JOIN `pembayaran_gaji` ON `transaksi`.`id_pembayaran_gaji` = `pembayaran_gaji`.`id_pembayaran_gaji`
LEFT JOIN `guru` ON `gaji`.`id_guru` = `guru`.`id_guru`
ORDER BY `transaksi`.`tanggal` DESC, `transaksi`.`created_at` DESC', [], false)
 4 APPPATH\Models\TransaksiModel.php(172): CodeIgniter\Database\BaseBuilder->get()
 5 APPPATH\Controllers\TransaksiController.php(27): App\Models\TransaksiModel->getLaporanTransaksi(null, null, null)
 6 SYSTEMPATH\CodeIgniter.php(933): App\Controllers\TransaksiController->index()
 7 SYSTEMPATH\CodeIgniter.php(507): CodeIgniter\CodeIgniter->runController(Object(App\Controllers\TransaksiController))
 8 SYSTEMPATH\CodeIgniter.php(354): CodeIgniter\CodeIgniter->handleRequest(null, Object(Config\Cache), false)
 9 SYSTEMPATH\Boot.php(334): CodeIgniter\CodeIgniter->run()
10 SYSTEMPATH\Boot.php(67): CodeIgniter\Boot::runCodeIgniter(Object(CodeIgniter\CodeIgniter))
11 FCPATH\index.php(59): CodeIgniter\Boot::bootWeb(Object(Config\Paths))
12 SYSTEMPATH\rewrite.php(44): require_once('E:\\laragon\\www\\Project-e-Keuangan\\public\\index.php')
CRITICAL - 2025-12-17 18:27:25 --> [Caused by] mysqli_sql_exception: Unknown column 'gaji.id_guru' in 'on clause'
in SYSTEMPATH\Database\MySQLi\Connection.php on line 327.
 1 SYSTEMPATH\Database\MySQLi\Connection.php(327): mysqli->query('SELECT `transaksi`.*, COALESCE(siswa.nama_siswa, siswa2.nama_siswa) as nama_siswa, COALESCE(siswa.nis, siswa2.nis) as nis, `guru`.`nama_guru`, `guru`.`nip`
FROM `transaksi`
LEFT JOIN `pembayaran_spp` ON `transaksi`.`id_pembayaran_spp` = `pembayaran_spp`.`id_pembayaran_spp`
LEFT JOIN `siswa` ON `pembayaran_spp`.`id_siswa` = `siswa`.`id_siswa`
LEFT JOIN `pembayaran_semester` ON `transaksi`.`id_pembayaran_semester` = `pembayaran_semester`.`id_pembayaran_semester`
LEFT JOIN `siswa` as `siswa2` ON `pembayaran_semester`.`id_siswa` = `siswa2`.`id_siswa`
LEFT JOIN `pembayaran_gaji` ON `transaksi`.`id_pembayaran_gaji` = `pembayaran_gaji`.`id_pembayaran_gaji`
LEFT JOIN `guru` ON `gaji`.`id_guru` = `guru`.`id_guru`
ORDER BY `transaksi`.`tanggal` DESC, `transaksi`.`created_at` DESC', 0)
 2 SYSTEMPATH\Database\BaseConnection.php(738): CodeIgniter\Database\MySQLi\Connection->execute('SELECT `transaksi`.*, COALESCE(siswa.nama_siswa, siswa2.nama_siswa) as nama_siswa, COALESCE(siswa.nis, siswa2.nis) as nis, `guru`.`nama_guru`, `guru`.`nip`
FROM `transaksi`
LEFT JOIN `pembayaran_spp` ON `transaksi`.`id_pembayaran_spp` = `pembayaran_spp`.`id_pembayaran_spp`
LEFT JOIN `siswa` ON `pembayaran_spp`.`id_siswa` = `siswa`.`id_siswa`
LEFT JOIN `pembayaran_semester` ON `transaksi`.`id_pembayaran_semester` = `pembayaran_semester`.`id_pembayaran_semester`
LEFT JOIN `siswa` as `siswa2` ON `pembayaran_semester`.`id_siswa` = `siswa2`.`id_siswa`
LEFT JOIN `pembayaran_gaji` ON `transaksi`.`id_pembayaran_gaji` = `pembayaran_gaji`.`id_pembayaran_gaji`
LEFT JOIN `guru` ON `gaji`.`id_guru` = `guru`.`id_guru`
ORDER BY `transaksi`.`tanggal` DESC, `transaksi`.`created_at` DESC')
 3 SYSTEMPATH\Database\BaseConnection.php(652): CodeIgniter\Database\BaseConnection->simpleQuery('SELECT `transaksi`.*, COALESCE(siswa.nama_siswa, siswa2.nama_siswa) as nama_siswa, COALESCE(siswa.nis, siswa2.nis) as nis, `guru`.`nama_guru`, `guru`.`nip`
FROM `transaksi`
LEFT JOIN `pembayaran_spp` ON `transaksi`.`id_pembayaran_spp` = `pembayaran_spp`.`id_pembayaran_spp`
LEFT JOIN `siswa` ON `pembayaran_spp`.`id_siswa` = `siswa`.`id_siswa`
LEFT JOIN `pembayaran_semester` ON `transaksi`.`id_pembayaran_semester` = `pembayaran_semester`.`id_pembayaran_semester`
LEFT JOIN `siswa` as `siswa2` ON `pembayaran_semester`.`id_siswa` = `siswa2`.`id_siswa`
LEFT JOIN `pembayaran_gaji` ON `transaksi`.`id_pembayaran_gaji` = `pembayaran_gaji`.`id_pembayaran_gaji`
LEFT JOIN `guru` ON `gaji`.`id_guru` = `guru`.`id_guru`
ORDER BY `transaksi`.`tanggal` DESC, `transaksi`.`created_at` DESC')
 4 SYSTEMPATH\Database\BaseBuilder.php(1649): CodeIgniter\Database\BaseConnection->query('SELECT `transaksi`.*, COALESCE(siswa.nama_siswa, siswa2.nama_siswa) as nama_siswa, COALESCE(siswa.nis, siswa2.nis) as nis, `guru`.`nama_guru`, `guru`.`nip`
FROM `transaksi`
LEFT JOIN `pembayaran_spp` ON `transaksi`.`id_pembayaran_spp` = `pembayaran_spp`.`id_pembayaran_spp`
LEFT JOIN `siswa` ON `pembayaran_spp`.`id_siswa` = `siswa`.`id_siswa`
LEFT JOIN `pembayaran_semester` ON `transaksi`.`id_pembayaran_semester` = `pembayaran_semester`.`id_pembayaran_semester`
LEFT JOIN `siswa` as `siswa2` ON `pembayaran_semester`.`id_siswa` = `siswa2`.`id_siswa`
LEFT JOIN `pembayaran_gaji` ON `transaksi`.`id_pembayaran_gaji` = `pembayaran_gaji`.`id_pembayaran_gaji`
LEFT JOIN `guru` ON `gaji`.`id_guru` = `guru`.`id_guru`
ORDER BY `transaksi`.`tanggal` DESC, `transaksi`.`created_at` DESC', [], false)
 5 APPPATH\Models\TransaksiModel.php(172): CodeIgniter\Database\BaseBuilder->get()
 6 APPPATH\Controllers\TransaksiController.php(27): App\Models\TransaksiModel->getLaporanTransaksi(null, null, null)
 7 SYSTEMPATH\CodeIgniter.php(933): App\Controllers\TransaksiController->index()
 8 SYSTEMPATH\CodeIgniter.php(507): CodeIgniter\CodeIgniter->runController(Object(App\Controllers\TransaksiController))
 9 SYSTEMPATH\CodeIgniter.php(354): CodeIgniter\CodeIgniter->handleRequest(null, Object(Config\Cache), false)
10 SYSTEMPATH\Boot.php(334): CodeIgniter\CodeIgniter->run()
11 SYSTEMPATH\Boot.php(67): CodeIgniter\Boot::runCodeIgniter(Object(CodeIgniter\CodeIgniter))
12 FCPATH\index.php(59): CodeIgniter\Boot::bootWeb(Object(Config\Paths))
13 SYSTEMPATH\rewrite.php(44): require_once('E:\\laragon\\www\\Project-e-Keuangan\\public\\index.php')
ERROR - 2025-12-17 18:27:25 --> mysqli_sql_exception: Unknown column 'gaji.id_guru' in 'on clause' in E:\laragon\www\Project-e-Keuangan\system\Database\MySQLi\Connection.php:327
Stack trace:
#0 E:\laragon\www\Project-e-Keuangan\system\Database\MySQLi\Connection.php(327): mysqli->query('SELECT `transak...', 0)
#1 E:\laragon\www\Project-e-Keuangan\system\Database\BaseConnection.php(738): CodeIgniter\Database\MySQLi\Connection->execute('SELECT `transak...')
#2 E:\laragon\www\Project-e-Keuangan\system\Database\BaseConnection.php(652): CodeIgniter\Database\BaseConnection->simpleQuery('SELECT `transak...')
#3 E:\laragon\www\Project-e-Keuangan\system\Database\BaseBuilder.php(1649): CodeIgniter\Database\BaseConnection->query('SELECT `transak...', Array, false)
#4 E:\laragon\www\Project-e-Keuangan\app\Models\TransaksiModel.php(172): CodeIgniter\Database\BaseBuilder->get()
#5 E:\laragon\www\Project-e-Keuangan\app\Controllers\TransaksiController.php(27): App\Models\TransaksiModel->getLaporanTransaksi(NULL, NULL, NULL)
#6 E:\laragon\www\Project-e-Keuangan\system\CodeIgniter.php(933): App\Controllers\TransaksiController->index()
#7 E:\laragon\www\Project-e-Keuangan\system\CodeIgniter.php(507): CodeIgniter\CodeIgniter->runController(Object(App\Controllers\TransaksiController))
#8 E:\laragon\www\Project-e-Keuangan\system\CodeIgniter.php(354): CodeIgniter\CodeIgniter->handleRequest(NULL, Object(Config\Cache), false)
#9 E:\laragon\www\Project-e-Keuangan\system\Boot.php(334): CodeIgniter\CodeIgniter->run()
#10 E:\laragon\www\Project-e-Keuangan\system\Boot.php(67): CodeIgniter\Boot::runCodeIgniter(Object(CodeIgniter\CodeIgniter))
#11 E:\laragon\www\Project-e-Keuangan\public\index.php(59): CodeIgniter\Boot::bootWeb(Object(Config\Paths))
#12 E:\laragon\www\Project-e-Keuangan\system\rewrite.php(44): require_once('E:\\laragon\\www\\...')
#13 {main}
CRITICAL - 2025-12-17 18:27:25 --> CodeIgniter\Database\Exceptions\DatabaseException: Unknown column 'gaji.id_guru' in 'on clause'
[Method: GET, Route: data-kas/laporan/transaksi]
in SYSTEMPATH\Database\BaseConnection.php on line 692.
 1 SYSTEMPATH\Database\BaseBuilder.php(1649): CodeIgniter\Database\BaseConnection->query('SELECT `transaksi`.*, COALESCE(siswa.nama_siswa, siswa2.nama_siswa) as nama_siswa, COALESCE(siswa.nis, siswa2.nis) as nis, `guru`.`nama_guru`, `guru`.`nip`
FROM `transaksi`
LEFT JOIN `pembayaran_spp` ON `transaksi`.`id_pembayaran_spp` = `pembayaran_spp`.`id_pembayaran_spp`
LEFT JOIN `siswa` ON `pembayaran_spp`.`id_siswa` = `siswa`.`id_siswa`
LEFT JOIN `pembayaran_semester` ON `transaksi`.`id_pembayaran_semester` = `pembayaran_semester`.`id_pembayaran_semester`
LEFT JOIN `siswa` as `siswa2` ON `pembayaran_semester`.`id_siswa` = `siswa2`.`id_siswa`
LEFT JOIN `pembayaran_gaji` ON `transaksi`.`id_pembayaran_gaji` = `pembayaran_gaji`.`id_pembayaran_gaji`
LEFT JOIN `guru` ON `gaji`.`id_guru` = `guru`.`id_guru`
ORDER BY `transaksi`.`tanggal` DESC, `transaksi`.`created_at` DESC', [], false)
 2 APPPATH\Models\TransaksiModel.php(172): CodeIgniter\Database\BaseBuilder->get()
 3 APPPATH\Controllers\TransaksiController.php(27): App\Models\TransaksiModel->getLaporanTransaksi(null, null, null)
 4 SYSTEMPATH\CodeIgniter.php(933): App\Controllers\TransaksiController->index()
 5 SYSTEMPATH\CodeIgniter.php(507): CodeIgniter\CodeIgniter->runController(Object(App\Controllers\TransaksiController))
 6 SYSTEMPATH\CodeIgniter.php(354): CodeIgniter\CodeIgniter->handleRequest(null, Object(Config\Cache), false)
 7 SYSTEMPATH\Boot.php(334): CodeIgniter\CodeIgniter->run()
 8 SYSTEMPATH\Boot.php(67): CodeIgniter\Boot::runCodeIgniter(Object(CodeIgniter\CodeIgniter))
 9 FCPATH\index.php(59): CodeIgniter\Boot::bootWeb(Object(Config\Paths))
10 SYSTEMPATH\rewrite.php(44): require_once('E:\\laragon\\www\\Project-e-Keuangan\\public\\index.php')
CRITICAL - 2025-12-17 18:27:25 --> [Caused by] CodeIgniter\Database\Exceptions\DatabaseException: Unknown column 'gaji.id_guru' in 'on clause'
in SYSTEMPATH\Database\MySQLi\Connection.php on line 332.
 1 SYSTEMPATH\Database\BaseConnection.php(738): CodeIgniter\Database\MySQLi\Connection->execute('SELECT `transaksi`.*, COALESCE(siswa.nama_siswa, siswa2.nama_siswa) as nama_siswa, COALESCE(siswa.nis, siswa2.nis) as nis, `guru`.`nama_guru`, `guru`.`nip`
FROM `transaksi`
LEFT JOIN `pembayaran_spp` ON `transaksi`.`id_pembayaran_spp` = `pembayaran_spp`.`id_pembayaran_spp`
LEFT JOIN `siswa` ON `pembayaran_spp`.`id_siswa` = `siswa`.`id_siswa`
LEFT JOIN `pembayaran_semester` ON `transaksi`.`id_pembayaran_semester` = `pembayaran_semester`.`id_pembayaran_semester`
LEFT JOIN `siswa` as `siswa2` ON `pembayaran_semester`.`id_siswa` = `siswa2`.`id_siswa`
LEFT JOIN `pembayaran_gaji` ON `transaksi`.`id_pembayaran_gaji` = `pembayaran_gaji`.`id_pembayaran_gaji`
LEFT JOIN `guru` ON `gaji`.`id_guru` = `guru`.`id_guru`
ORDER BY `transaksi`.`tanggal` DESC, `transaksi`.`created_at` DESC')
 2 SYSTEMPATH\Database\BaseConnection.php(652): CodeIgniter\Database\BaseConnection->simpleQuery('SELECT `transaksi`.*, COALESCE(siswa.nama_siswa, siswa2.nama_siswa) as nama_siswa, COALESCE(siswa.nis, siswa2.nis) as nis, `guru`.`nama_guru`, `guru`.`nip`
FROM `transaksi`
LEFT JOIN `pembayaran_spp` ON `transaksi`.`id_pembayaran_spp` = `pembayaran_spp`.`id_pembayaran_spp`
LEFT JOIN `siswa` ON `pembayaran_spp`.`id_siswa` = `siswa`.`id_siswa`
LEFT JOIN `pembayaran_semester` ON `transaksi`.`id_pembayaran_semester` = `pembayaran_semester`.`id_pembayaran_semester`
LEFT JOIN `siswa` as `siswa2` ON `pembayaran_semester`.`id_siswa` = `siswa2`.`id_siswa`
LEFT JOIN `pembayaran_gaji` ON `transaksi`.`id_pembayaran_gaji` = `pembayaran_gaji`.`id_pembayaran_gaji`
LEFT JOIN `guru` ON `gaji`.`id_guru` = `guru`.`id_guru`
ORDER BY `transaksi`.`tanggal` DESC, `transaksi`.`created_at` DESC')
 3 SYSTEMPATH\Database\BaseBuilder.php(1649): CodeIgniter\Database\BaseConnection->query('SELECT `transaksi`.*, COALESCE(siswa.nama_siswa, siswa2.nama_siswa) as nama_siswa, COALESCE(siswa.nis, siswa2.nis) as nis, `guru`.`nama_guru`, `guru`.`nip`
FROM `transaksi`
LEFT JOIN `pembayaran_spp` ON `transaksi`.`id_pembayaran_spp` = `pembayaran_spp`.`id_pembayaran_spp`
LEFT JOIN `siswa` ON `pembayaran_spp`.`id_siswa` = `siswa`.`id_siswa`
LEFT JOIN `pembayaran_semester` ON `transaksi`.`id_pembayaran_semester` = `pembayaran_semester`.`id_pembayaran_semester`
LEFT JOIN `siswa` as `siswa2` ON `pembayaran_semester`.`id_siswa` = `siswa2`.`id_siswa`
LEFT JOIN `pembayaran_gaji` ON `transaksi`.`id_pembayaran_gaji` = `pembayaran_gaji`.`id_pembayaran_gaji`
LEFT JOIN `guru` ON `gaji`.`id_guru` = `guru`.`id_guru`
ORDER BY `transaksi`.`tanggal` DESC, `transaksi`.`created_at` DESC', [], false)
 4 APPPATH\Models\TransaksiModel.php(172): CodeIgniter\Database\BaseBuilder->get()
 5 APPPATH\Controllers\TransaksiController.php(27): App\Models\TransaksiModel->getLaporanTransaksi(null, null, null)
 6 SYSTEMPATH\CodeIgniter.php(933): App\Controllers\TransaksiController->index()
 7 SYSTEMPATH\CodeIgniter.php(507): CodeIgniter\CodeIgniter->runController(Object(App\Controllers\TransaksiController))
 8 SYSTEMPATH\CodeIgniter.php(354): CodeIgniter\CodeIgniter->handleRequest(null, Object(Config\Cache), false)
 9 SYSTEMPATH\Boot.php(334): CodeIgniter\CodeIgniter->run()
10 SYSTEMPATH\Boot.php(67): CodeIgniter\Boot::runCodeIgniter(Object(CodeIgniter\CodeIgniter))
11 FCPATH\index.php(59): CodeIgniter\Boot::bootWeb(Object(Config\Paths))
12 SYSTEMPATH\rewrite.php(44): require_once('E:\\laragon\\www\\Project-e-Keuangan\\public\\index.php')
CRITICAL - 2025-12-17 18:27:25 --> [Caused by] mysqli_sql_exception: Unknown column 'gaji.id_guru' in 'on clause'
in SYSTEMPATH\Database\MySQLi\Connection.php on line 327.
 1 SYSTEMPATH\Database\MySQLi\Connection.php(327): mysqli->query('SELECT `transaksi`.*, COALESCE(siswa.nama_siswa, siswa2.nama_siswa) as nama_siswa, COALESCE(siswa.nis, siswa2.nis) as nis, `guru`.`nama_guru`, `guru`.`nip`
FROM `transaksi`
LEFT JOIN `pembayaran_spp` ON `transaksi`.`id_pembayaran_spp` = `pembayaran_spp`.`id_pembayaran_spp`
LEFT JOIN `siswa` ON `pembayaran_spp`.`id_siswa` = `siswa`.`id_siswa`
LEFT JOIN `pembayaran_semester` ON `transaksi`.`id_pembayaran_semester` = `pembayaran_semester`.`id_pembayaran_semester`
LEFT JOIN `siswa` as `siswa2` ON `pembayaran_semester`.`id_siswa` = `siswa2`.`id_siswa`
LEFT JOIN `pembayaran_gaji` ON `transaksi`.`id_pembayaran_gaji` = `pembayaran_gaji`.`id_pembayaran_gaji`
LEFT JOIN `guru` ON `gaji`.`id_guru` = `guru`.`id_guru`
ORDER BY `transaksi`.`tanggal` DESC, `transaksi`.`created_at` DESC', 0)
 2 SYSTEMPATH\Database\BaseConnection.php(738): CodeIgniter\Database\MySQLi\Connection->execute('SELECT `transaksi`.*, COALESCE(siswa.nama_siswa, siswa2.nama_siswa) as nama_siswa, COALESCE(siswa.nis, siswa2.nis) as nis, `guru`.`nama_guru`, `guru`.`nip`
FROM `transaksi`
LEFT JOIN `pembayaran_spp` ON `transaksi`.`id_pembayaran_spp` = `pembayaran_spp`.`id_pembayaran_spp`
LEFT JOIN `siswa` ON `pembayaran_spp`.`id_siswa` = `siswa`.`id_siswa`
LEFT JOIN `pembayaran_semester` ON `transaksi`.`id_pembayaran_semester` = `pembayaran_semester`.`id_pembayaran_semester`
LEFT JOIN `siswa` as `siswa2` ON `pembayaran_semester`.`id_siswa` = `siswa2`.`id_siswa`
LEFT JOIN `pembayaran_gaji` ON `transaksi`.`id_pembayaran_gaji` = `pembayaran_gaji`.`id_pembayaran_gaji`
LEFT JOIN `guru` ON `gaji`.`id_guru` = `guru`.`id_guru`
ORDER BY `transaksi`.`tanggal` DESC, `transaksi`.`created_at` DESC')
 3 SYSTEMPATH\Database\BaseConnection.php(652): CodeIgniter\Database\BaseConnection->simpleQuery('SELECT `transaksi`.*, COALESCE(siswa.nama_siswa, siswa2.nama_siswa) as nama_siswa, COALESCE(siswa.nis, siswa2.nis) as nis, `guru`.`nama_guru`, `guru`.`nip`
FROM `transaksi`
LEFT JOIN `pembayaran_spp` ON `transaksi`.`id_pembayaran_spp` = `pembayaran_spp`.`id_pembayaran_spp`
LEFT JOIN `siswa` ON `pembayaran_spp`.`id_siswa` = `siswa`.`id_siswa`
LEFT JOIN `pembayaran_semester` ON `transaksi`.`id_pembayaran_semester` = `pembayaran_semester`.`id_pembayaran_semester`
LEFT JOIN `siswa` as `siswa2` ON `pembayaran_semester`.`id_siswa` = `siswa2`.`id_siswa`
LEFT JOIN `pembayaran_gaji` ON `transaksi`.`id_pembayaran_gaji` = `pembayaran_gaji`.`id_pembayaran_gaji`
LEFT JOIN `guru` ON `gaji`.`id_guru` = `guru`.`id_guru`
ORDER BY `transaksi`.`tanggal` DESC, `transaksi`.`created_at` DESC')
 4 SYSTEMPATH\Database\BaseBuilder.php(1649): CodeIgniter\Database\BaseConnection->query('SELECT `transaksi`.*, COALESCE(siswa.nama_siswa, siswa2.nama_siswa) as nama_siswa, COALESCE(siswa.nis, siswa2.nis) as nis, `guru`.`nama_guru`, `guru`.`nip`
FROM `transaksi`
LEFT JOIN `pembayaran_spp` ON `transaksi`.`id_pembayaran_spp` = `pembayaran_spp`.`id_pembayaran_spp`
LEFT JOIN `siswa` ON `pembayaran_spp`.`id_siswa` = `siswa`.`id_siswa`
LEFT JOIN `pembayaran_semester` ON `transaksi`.`id_pembayaran_semester` = `pembayaran_semester`.`id_pembayaran_semester`
LEFT JOIN `siswa` as `siswa2` ON `pembayaran_semester`.`id_siswa` = `siswa2`.`id_siswa`
LEFT JOIN `pembayaran_gaji` ON `transaksi`.`id_pembayaran_gaji` = `pembayaran_gaji`.`id_pembayaran_gaji`
LEFT JOIN `guru` ON `gaji`.`id_guru` = `guru`.`id_guru`
ORDER BY `transaksi`.`tanggal` DESC, `transaksi`.`created_at` DESC', [], false)
 5 APPPATH\Models\TransaksiModel.php(172): CodeIgniter\Database\BaseBuilder->get()
 6 APPPATH\Controllers\TransaksiController.php(27): App\Models\TransaksiModel->getLaporanTransaksi(null, null, null)
 7 SYSTEMPATH\CodeIgniter.php(933): App\Controllers\TransaksiController->index()
 8 SYSTEMPATH\CodeIgniter.php(507): CodeIgniter\CodeIgniter->runController(Object(App\Controllers\TransaksiController))
 9 SYSTEMPATH\CodeIgniter.php(354): CodeIgniter\CodeIgniter->handleRequest(null, Object(Config\Cache), false)
10 SYSTEMPATH\Boot.php(334): CodeIgniter\CodeIgniter->run()
11 SYSTEMPATH\Boot.php(67): CodeIgniter\Boot::runCodeIgniter(Object(CodeIgniter\CodeIgniter))
12 FCPATH\index.php(59): CodeIgniter\Boot::bootWeb(Object(Config\Paths))
13 SYSTEMPATH\rewrite.php(44): require_once('E:\\laragon\\www\\Project-e-Keuangan\\public\\index.php')
ERROR - 2025-12-17 18:27:25 --> mysqli_sql_exception: Unknown column 'gaji.id_guru' in 'on clause' in E:\laragon\www\Project-e-Keuangan\system\Database\MySQLi\Connection.php:327
Stack trace:
#0 E:\laragon\www\Project-e-Keuangan\system\Database\MySQLi\Connection.php(327): mysqli->query('SELECT `transak...', 0)
#1 E:\laragon\www\Project-e-Keuangan\system\Database\BaseConnection.php(738): CodeIgniter\Database\MySQLi\Connection->execute('SELECT `transak...')
#2 E:\laragon\www\Project-e-Keuangan\system\Database\BaseConnection.php(652): CodeIgniter\Database\BaseConnection->simpleQuery('SELECT `transak...')
#3 E:\laragon\www\Project-e-Keuangan\system\Database\BaseBuilder.php(1649): CodeIgniter\Database\BaseConnection->query('SELECT `transak...', Array, false)
#4 E:\laragon\www\Project-e-Keuangan\app\Models\TransaksiModel.php(172): CodeIgniter\Database\BaseBuilder->get()
#5 E:\laragon\www\Project-e-Keuangan\app\Controllers\TransaksiController.php(27): App\Models\TransaksiModel->getLaporanTransaksi(NULL, NULL, NULL)
#6 E:\laragon\www\Project-e-Keuangan\system\CodeIgniter.php(933): App\Controllers\TransaksiController->index()
#7 E:\laragon\www\Project-e-Keuangan\system\CodeIgniter.php(507): CodeIgniter\CodeIgniter->runController(Object(App\Controllers\TransaksiController))
#8 E:\laragon\www\Project-e-Keuangan\system\CodeIgniter.php(354): CodeIgniter\CodeIgniter->handleRequest(NULL, Object(Config\Cache), false)
#9 E:\laragon\www\Project-e-Keuangan\system\Boot.php(334): CodeIgniter\CodeIgniter->run()
#10 E:\laragon\www\Project-e-Keuangan\system\Boot.php(67): CodeIgniter\Boot::runCodeIgniter(Object(CodeIgniter\CodeIgniter))
#11 E:\laragon\www\Project-e-Keuangan\public\index.php(59): CodeIgniter\Boot::bootWeb(Object(Config\Paths))
#12 E:\laragon\www\Project-e-Keuangan\system\rewrite.php(44): require_once('E:\\laragon\\www\\...')
#13 {main}
CRITICAL - 2025-12-17 18:27:25 --> CodeIgniter\Database\Exceptions\DatabaseException: Unknown column 'gaji.id_guru' in 'on clause'
[Method: GET, Route: data-kas/laporan/transaksi]
in SYSTEMPATH\Database\BaseConnection.php on line 692.
 1 SYSTEMPATH\Database\BaseBuilder.php(1649): CodeIgniter\Database\BaseConnection->query('SELECT `transaksi`.*, COALESCE(siswa.nama_siswa, siswa2.nama_siswa) as nama_siswa, COALESCE(siswa.nis, siswa2.nis) as nis, `guru`.`nama_guru`, `guru`.`nip`
FROM `transaksi`
LEFT JOIN `pembayaran_spp` ON `transaksi`.`id_pembayaran_spp` = `pembayaran_spp`.`id_pembayaran_spp`
LEFT JOIN `siswa` ON `pembayaran_spp`.`id_siswa` = `siswa`.`id_siswa`
LEFT JOIN `pembayaran_semester` ON `transaksi`.`id_pembayaran_semester` = `pembayaran_semester`.`id_pembayaran_semester`
LEFT JOIN `siswa` as `siswa2` ON `pembayaran_semester`.`id_siswa` = `siswa2`.`id_siswa`
LEFT JOIN `pembayaran_gaji` ON `transaksi`.`id_pembayaran_gaji` = `pembayaran_gaji`.`id_pembayaran_gaji`
LEFT JOIN `guru` ON `gaji`.`id_guru` = `guru`.`id_guru`
ORDER BY `transaksi`.`tanggal` DESC, `transaksi`.`created_at` DESC', [], false)
 2 APPPATH\Models\TransaksiModel.php(172): CodeIgniter\Database\BaseBuilder->get()
 3 APPPATH\Controllers\TransaksiController.php(27): App\Models\TransaksiModel->getLaporanTransaksi(null, null, null)
 4 SYSTEMPATH\CodeIgniter.php(933): App\Controllers\TransaksiController->index()
 5 SYSTEMPATH\CodeIgniter.php(507): CodeIgniter\CodeIgniter->runController(Object(App\Controllers\TransaksiController))
 6 SYSTEMPATH\CodeIgniter.php(354): CodeIgniter\CodeIgniter->handleRequest(null, Object(Config\Cache), false)
 7 SYSTEMPATH\Boot.php(334): CodeIgniter\CodeIgniter->run()
 8 SYSTEMPATH\Boot.php(67): CodeIgniter\Boot::runCodeIgniter(Object(CodeIgniter\CodeIgniter))
 9 FCPATH\index.php(59): CodeIgniter\Boot::bootWeb(Object(Config\Paths))
10 SYSTEMPATH\rewrite.php(44): require_once('E:\\laragon\\www\\Project-e-Keuangan\\public\\index.php')
CRITICAL - 2025-12-17 18:27:25 --> [Caused by] CodeIgniter\Database\Exceptions\DatabaseException: Unknown column 'gaji.id_guru' in 'on clause'
in SYSTEMPATH\Database\MySQLi\Connection.php on line 332.
 1 SYSTEMPATH\Database\BaseConnection.php(738): CodeIgniter\Database\MySQLi\Connection->execute('SELECT `transaksi`.*, COALESCE(siswa.nama_siswa, siswa2.nama_siswa) as nama_siswa, COALESCE(siswa.nis, siswa2.nis) as nis, `guru`.`nama_guru`, `guru`.`nip`
FROM `transaksi`
LEFT JOIN `pembayaran_spp` ON `transaksi`.`id_pembayaran_spp` = `pembayaran_spp`.`id_pembayaran_spp`
LEFT JOIN `siswa` ON `pembayaran_spp`.`id_siswa` = `siswa`.`id_siswa`
LEFT JOIN `pembayaran_semester` ON `transaksi`.`id_pembayaran_semester` = `pembayaran_semester`.`id_pembayaran_semester`
LEFT JOIN `siswa` as `siswa2` ON `pembayaran_semester`.`id_siswa` = `siswa2`.`id_siswa`
LEFT JOIN `pembayaran_gaji` ON `transaksi`.`id_pembayaran_gaji` = `pembayaran_gaji`.`id_pembayaran_gaji`
LEFT JOIN `guru` ON `gaji`.`id_guru` = `guru`.`id_guru`
ORDER BY `transaksi`.`tanggal` DESC, `transaksi`.`created_at` DESC')
 2 SYSTEMPATH\Database\BaseConnection.php(652): CodeIgniter\Database\BaseConnection->simpleQuery('SELECT `transaksi`.*, COALESCE(siswa.nama_siswa, siswa2.nama_siswa) as nama_siswa, COALESCE(siswa.nis, siswa2.nis) as nis, `guru`.`nama_guru`, `guru`.`nip`
FROM `transaksi`
LEFT JOIN `pembayaran_spp` ON `transaksi`.`id_pembayaran_spp` = `pembayaran_spp`.`id_pembayaran_spp`
LEFT JOIN `siswa` ON `pembayaran_spp`.`id_siswa` = `siswa`.`id_siswa`
LEFT JOIN `pembayaran_semester` ON `transaksi`.`id_pembayaran_semester` = `pembayaran_semester`.`id_pembayaran_semester`
LEFT JOIN `siswa` as `siswa2` ON `pembayaran_semester`.`id_siswa` = `siswa2`.`id_siswa`
LEFT JOIN `pembayaran_gaji` ON `transaksi`.`id_pembayaran_gaji` = `pembayaran_gaji`.`id_pembayaran_gaji`
LEFT JOIN `guru` ON `gaji`.`id_guru` = `guru`.`id_guru`
ORDER BY `transaksi`.`tanggal` DESC, `transaksi`.`created_at` DESC')
 3 SYSTEMPATH\Database\BaseBuilder.php(1649): CodeIgniter\Database\BaseConnection->query('SELECT `transaksi`.*, COALESCE(siswa.nama_siswa, siswa2.nama_siswa) as nama_siswa, COALESCE(siswa.nis, siswa2.nis) as nis, `guru`.`nama_guru`, `guru`.`nip`
FROM `transaksi`
LEFT JOIN `pembayaran_spp` ON `transaksi`.`id_pembayaran_spp` = `pembayaran_spp`.`id_pembayaran_spp`
LEFT JOIN `siswa` ON `pembayaran_spp`.`id_siswa` = `siswa`.`id_siswa`
LEFT JOIN `pembayaran_semester` ON `transaksi`.`id_pembayaran_semester` = `pembayaran_semester`.`id_pembayaran_semester`
LEFT JOIN `siswa` as `siswa2` ON `pembayaran_semester`.`id_siswa` = `siswa2`.`id_siswa`
LEFT JOIN `pembayaran_gaji` ON `transaksi`.`id_pembayaran_gaji` = `pembayaran_gaji`.`id_pembayaran_gaji`
LEFT JOIN `guru` ON `gaji`.`id_guru` = `guru`.`id_guru`
ORDER BY `transaksi`.`tanggal` DESC, `transaksi`.`created_at` DESC', [], false)
 4 APPPATH\Models\TransaksiModel.php(172): CodeIgniter\Database\BaseBuilder->get()
 5 APPPATH\Controllers\TransaksiController.php(27): App\Models\TransaksiModel->getLaporanTransaksi(null, null, null)
 6 SYSTEMPATH\CodeIgniter.php(933): App\Controllers\TransaksiController->index()
 7 SYSTEMPATH\CodeIgniter.php(507): CodeIgniter\CodeIgniter->runController(Object(App\Controllers\TransaksiController))
 8 SYSTEMPATH\CodeIgniter.php(354): CodeIgniter\CodeIgniter->handleRequest(null, Object(Config\Cache), false)
 9 SYSTEMPATH\Boot.php(334): CodeIgniter\CodeIgniter->run()
10 SYSTEMPATH\Boot.php(67): CodeIgniter\Boot::runCodeIgniter(Object(CodeIgniter\CodeIgniter))
11 FCPATH\index.php(59): CodeIgniter\Boot::bootWeb(Object(Config\Paths))
12 SYSTEMPATH\rewrite.php(44): require_once('E:\\laragon\\www\\Project-e-Keuangan\\public\\index.php')
CRITICAL - 2025-12-17 18:27:25 --> [Caused by] mysqli_sql_exception: Unknown column 'gaji.id_guru' in 'on clause'
in SYSTEMPATH\Database\MySQLi\Connection.php on line 327.
 1 SYSTEMPATH\Database\MySQLi\Connection.php(327): mysqli->query('SELECT `transaksi`.*, COALESCE(siswa.nama_siswa, siswa2.nama_siswa) as nama_siswa, COALESCE(siswa.nis, siswa2.nis) as nis, `guru`.`nama_guru`, `guru`.`nip`
FROM `transaksi`
LEFT JOIN `pembayaran_spp` ON `transaksi`.`id_pembayaran_spp` = `pembayaran_spp`.`id_pembayaran_spp`
LEFT JOIN `siswa` ON `pembayaran_spp`.`id_siswa` = `siswa`.`id_siswa`
LEFT JOIN `pembayaran_semester` ON `transaksi`.`id_pembayaran_semester` = `pembayaran_semester`.`id_pembayaran_semester`
LEFT JOIN `siswa` as `siswa2` ON `pembayaran_semester`.`id_siswa` = `siswa2`.`id_siswa`
LEFT JOIN `pembayaran_gaji` ON `transaksi`.`id_pembayaran_gaji` = `pembayaran_gaji`.`id_pembayaran_gaji`
LEFT JOIN `guru` ON `gaji`.`id_guru` = `guru`.`id_guru`
ORDER BY `transaksi`.`tanggal` DESC, `transaksi`.`created_at` DESC', 0)
 2 SYSTEMPATH\Database\BaseConnection.php(738): CodeIgniter\Database\MySQLi\Connection->execute('SELECT `transaksi`.*, COALESCE(siswa.nama_siswa, siswa2.nama_siswa) as nama_siswa, COALESCE(siswa.nis, siswa2.nis) as nis, `guru`.`nama_guru`, `guru`.`nip`
FROM `transaksi`
LEFT JOIN `pembayaran_spp` ON `transaksi`.`id_pembayaran_spp` = `pembayaran_spp`.`id_pembayaran_spp`
LEFT JOIN `siswa` ON `pembayaran_spp`.`id_siswa` = `siswa`.`id_siswa`
LEFT JOIN `pembayaran_semester` ON `transaksi`.`id_pembayaran_semester` = `pembayaran_semester`.`id_pembayaran_semester`
LEFT JOIN `siswa` as `siswa2` ON `pembayaran_semester`.`id_siswa` = `siswa2`.`id_siswa`
LEFT JOIN `pembayaran_gaji` ON `transaksi`.`id_pembayaran_gaji` = `pembayaran_gaji`.`id_pembayaran_gaji`
LEFT JOIN `guru` ON `gaji`.`id_guru` = `guru`.`id_guru`
ORDER BY `transaksi`.`tanggal` DESC, `transaksi`.`created_at` DESC')
 3 SYSTEMPATH\Database\BaseConnection.php(652): CodeIgniter\Database\BaseConnection->simpleQuery('SELECT `transaksi`.*, COALESCE(siswa.nama_siswa, siswa2.nama_siswa) as nama_siswa, COALESCE(siswa.nis, siswa2.nis) as nis, `guru`.`nama_guru`, `guru`.`nip`
FROM `transaksi`
LEFT JOIN `pembayaran_spp` ON `transaksi`.`id_pembayaran_spp` = `pembayaran_spp`.`id_pembayaran_spp`
LEFT JOIN `siswa` ON `pembayaran_spp`.`id_siswa` = `siswa`.`id_siswa`
LEFT JOIN `pembayaran_semester` ON `transaksi`.`id_pembayaran_semester` = `pembayaran_semester`.`id_pembayaran_semester`
LEFT JOIN `siswa` as `siswa2` ON `pembayaran_semester`.`id_siswa` = `siswa2`.`id_siswa`
LEFT JOIN `pembayaran_gaji` ON `transaksi`.`id_pembayaran_gaji` = `pembayaran_gaji`.`id_pembayaran_gaji`
LEFT JOIN `guru` ON `gaji`.`id_guru` = `guru`.`id_guru`
ORDER BY `transaksi`.`tanggal` DESC, `transaksi`.`created_at` DESC')
 4 SYSTEMPATH\Database\BaseBuilder.php(1649): CodeIgniter\Database\BaseConnection->query('SELECT `transaksi`.*, COALESCE(siswa.nama_siswa, siswa2.nama_siswa) as nama_siswa, COALESCE(siswa.nis, siswa2.nis) as nis, `guru`.`nama_guru`, `guru`.`nip`
FROM `transaksi`
LEFT JOIN `pembayaran_spp` ON `transaksi`.`id_pembayaran_spp` = `pembayaran_spp`.`id_pembayaran_spp`
LEFT JOIN `siswa` ON `pembayaran_spp`.`id_siswa` = `siswa`.`id_siswa`
LEFT JOIN `pembayaran_semester` ON `transaksi`.`id_pembayaran_semester` = `pembayaran_semester`.`id_pembayaran_semester`
LEFT JOIN `siswa` as `siswa2` ON `pembayaran_semester`.`id_siswa` = `siswa2`.`id_siswa`
LEFT JOIN `pembayaran_gaji` ON `transaksi`.`id_pembayaran_gaji` = `pembayaran_gaji`.`id_pembayaran_gaji`
LEFT JOIN `guru` ON `gaji`.`id_guru` = `guru`.`id_guru`
ORDER BY `transaksi`.`tanggal` DESC, `transaksi`.`created_at` DESC', [], false)
 5 APPPATH\Models\TransaksiModel.php(172): CodeIgniter\Database\BaseBuilder->get()
 6 APPPATH\Controllers\TransaksiController.php(27): App\Models\TransaksiModel->getLaporanTransaksi(null, null, null)
 7 SYSTEMPATH\CodeIgniter.php(933): App\Controllers\TransaksiController->index()
 8 SYSTEMPATH\CodeIgniter.php(507): CodeIgniter\CodeIgniter->runController(Object(App\Controllers\TransaksiController))
 9 SYSTEMPATH\CodeIgniter.php(354): CodeIgniter\CodeIgniter->handleRequest(null, Object(Config\Cache), false)
10 SYSTEMPATH\Boot.php(334): CodeIgniter\CodeIgniter->run()
11 SYSTEMPATH\Boot.php(67): CodeIgniter\Boot::runCodeIgniter(Object(CodeIgniter\CodeIgniter))
12 FCPATH\index.php(59): CodeIgniter\Boot::bootWeb(Object(Config\Paths))
13 SYSTEMPATH\rewrite.php(44): require_once('E:\\laragon\\www\\Project-e-Keuangan\\public\\index.php')
ERROR - 2025-12-17 18:27:32 --> mysqli_sql_exception: Unknown column 'gaji.id_guru' in 'on clause' in E:\laragon\www\Project-e-Keuangan\system\Database\MySQLi\Connection.php:327
Stack trace:
#0 E:\laragon\www\Project-e-Keuangan\system\Database\MySQLi\Connection.php(327): mysqli->query('SELECT `transak...', 0)
#1 E:\laragon\www\Project-e-Keuangan\system\Database\BaseConnection.php(738): CodeIgniter\Database\MySQLi\Connection->execute('SELECT `transak...')
#2 E:\laragon\www\Project-e-Keuangan\system\Database\BaseConnection.php(652): CodeIgniter\Database\BaseConnection->simpleQuery('SELECT `transak...')
#3 E:\laragon\www\Project-e-Keuangan\system\Database\BaseBuilder.php(1649): CodeIgniter\Database\BaseConnection->query('SELECT `transak...', Array, false)
#4 E:\laragon\www\Project-e-Keuangan\app\Models\TransaksiModel.php(172): CodeIgniter\Database\BaseBuilder->get()
#5 E:\laragon\www\Project-e-Keuangan\app\Controllers\TransaksiController.php(27): App\Models\TransaksiModel->getLaporanTransaksi(NULL, NULL, NULL)
#6 E:\laragon\www\Project-e-Keuangan\system\CodeIgniter.php(933): App\Controllers\TransaksiController->index()
#7 E:\laragon\www\Project-e-Keuangan\system\CodeIgniter.php(507): CodeIgniter\CodeIgniter->runController(Object(App\Controllers\TransaksiController))
#8 E:\laragon\www\Project-e-Keuangan\system\CodeIgniter.php(354): CodeIgniter\CodeIgniter->handleRequest(NULL, Object(Config\Cache), false)
#9 E:\laragon\www\Project-e-Keuangan\system\Boot.php(334): CodeIgniter\CodeIgniter->run()
#10 E:\laragon\www\Project-e-Keuangan\system\Boot.php(67): CodeIgniter\Boot::runCodeIgniter(Object(CodeIgniter\CodeIgniter))
#11 E:\laragon\www\Project-e-Keuangan\public\index.php(59): CodeIgniter\Boot::bootWeb(Object(Config\Paths))
#12 E:\laragon\www\Project-e-Keuangan\system\rewrite.php(44): require_once('E:\\laragon\\www\\...')
#13 {main}
CRITICAL - 2025-12-17 18:27:32 --> CodeIgniter\Database\Exceptions\DatabaseException: Unknown column 'gaji.id_guru' in 'on clause'
[Method: GET, Route: data-kas/laporan/transaksi]
in SYSTEMPATH\Database\BaseConnection.php on line 692.
 1 SYSTEMPATH\Database\BaseBuilder.php(1649): CodeIgniter\Database\BaseConnection->query('SELECT `transaksi`.*, COALESCE(siswa.nama_siswa, siswa2.nama_siswa) as nama_siswa, COALESCE(siswa.nis, siswa2.nis) as nis, `guru`.`nama_guru`, `guru`.`nip`
FROM `transaksi`
LEFT JOIN `pembayaran_spp` ON `transaksi`.`id_pembayaran_spp` = `pembayaran_spp`.`id_pembayaran_spp`
LEFT JOIN `siswa` ON `pembayaran_spp`.`id_siswa` = `siswa`.`id_siswa`
LEFT JOIN `pembayaran_semester` ON `transaksi`.`id_pembayaran_semester` = `pembayaran_semester`.`id_pembayaran_semester`
LEFT JOIN `siswa` as `siswa2` ON `pembayaran_semester`.`id_siswa` = `siswa2`.`id_siswa`
LEFT JOIN `pembayaran_gaji` ON `transaksi`.`id_pembayaran_gaji` = `pembayaran_gaji`.`id_pembayaran_gaji`
LEFT JOIN `guru` ON `gaji`.`id_guru` = `guru`.`id_guru`
ORDER BY `transaksi`.`tanggal` DESC, `transaksi`.`created_at` DESC', [], false)
 2 APPPATH\Models\TransaksiModel.php(172): CodeIgniter\Database\BaseBuilder->get()
 3 APPPATH\Controllers\TransaksiController.php(27): App\Models\TransaksiModel->getLaporanTransaksi(null, null, null)
 4 SYSTEMPATH\CodeIgniter.php(933): App\Controllers\TransaksiController->index()
 5 SYSTEMPATH\CodeIgniter.php(507): CodeIgniter\CodeIgniter->runController(Object(App\Controllers\TransaksiController))
 6 SYSTEMPATH\CodeIgniter.php(354): CodeIgniter\CodeIgniter->handleRequest(null, Object(Config\Cache), false)
 7 SYSTEMPATH\Boot.php(334): CodeIgniter\CodeIgniter->run()
 8 SYSTEMPATH\Boot.php(67): CodeIgniter\Boot::runCodeIgniter(Object(CodeIgniter\CodeIgniter))
 9 FCPATH\index.php(59): CodeIgniter\Boot::bootWeb(Object(Config\Paths))
10 SYSTEMPATH\rewrite.php(44): require_once('E:\\laragon\\www\\Project-e-Keuangan\\public\\index.php')
CRITICAL - 2025-12-17 18:27:32 --> [Caused by] CodeIgniter\Database\Exceptions\DatabaseException: Unknown column 'gaji.id_guru' in 'on clause'
in SYSTEMPATH\Database\MySQLi\Connection.php on line 332.
 1 SYSTEMPATH\Database\BaseConnection.php(738): CodeIgniter\Database\MySQLi\Connection->execute('SELECT `transaksi`.*, COALESCE(siswa.nama_siswa, siswa2.nama_siswa) as nama_siswa, COALESCE(siswa.nis, siswa2.nis) as nis, `guru`.`nama_guru`, `guru`.`nip`
FROM `transaksi`
LEFT JOIN `pembayaran_spp` ON `transaksi`.`id_pembayaran_spp` = `pembayaran_spp`.`id_pembayaran_spp`
LEFT JOIN `siswa` ON `pembayaran_spp`.`id_siswa` = `siswa`.`id_siswa`
LEFT JOIN `pembayaran_semester` ON `transaksi`.`id_pembayaran_semester` = `pembayaran_semester`.`id_pembayaran_semester`
LEFT JOIN `siswa` as `siswa2` ON `pembayaran_semester`.`id_siswa` = `siswa2`.`id_siswa`
LEFT JOIN `pembayaran_gaji` ON `transaksi`.`id_pembayaran_gaji` = `pembayaran_gaji`.`id_pembayaran_gaji`
LEFT JOIN `guru` ON `gaji`.`id_guru` = `guru`.`id_guru`
ORDER BY `transaksi`.`tanggal` DESC, `transaksi`.`created_at` DESC')
 2 SYSTEMPATH\Database\BaseConnection.php(652): CodeIgniter\Database\BaseConnection->simpleQuery('SELECT `transaksi`.*, COALESCE(siswa.nama_siswa, siswa2.nama_siswa) as nama_siswa, COALESCE(siswa.nis, siswa2.nis) as nis, `guru`.`nama_guru`, `guru`.`nip`
FROM `transaksi`
LEFT JOIN `pembayaran_spp` ON `transaksi`.`id_pembayaran_spp` = `pembayaran_spp`.`id_pembayaran_spp`
LEFT JOIN `siswa` ON `pembayaran_spp`.`id_siswa` = `siswa`.`id_siswa`
LEFT JOIN `pembayaran_semester` ON `transaksi`.`id_pembayaran_semester` = `pembayaran_semester`.`id_pembayaran_semester`
LEFT JOIN `siswa` as `siswa2` ON `pembayaran_semester`.`id_siswa` = `siswa2`.`id_siswa`
LEFT JOIN `pembayaran_gaji` ON `transaksi`.`id_pembayaran_gaji` = `pembayaran_gaji`.`id_pembayaran_gaji`
LEFT JOIN `guru` ON `gaji`.`id_guru` = `guru`.`id_guru`
ORDER BY `transaksi`.`tanggal` DESC, `transaksi`.`created_at` DESC')
 3 SYSTEMPATH\Database\BaseBuilder.php(1649): CodeIgniter\Database\BaseConnection->query('SELECT `transaksi`.*, COALESCE(siswa.nama_siswa, siswa2.nama_siswa) as nama_siswa, COALESCE(siswa.nis, siswa2.nis) as nis, `guru`.`nama_guru`, `guru`.`nip`
FROM `transaksi`
LEFT JOIN `pembayaran_spp` ON `transaksi`.`id_pembayaran_spp` = `pembayaran_spp`.`id_pembayaran_spp`
LEFT JOIN `siswa` ON `pembayaran_spp`.`id_siswa` = `siswa`.`id_siswa`
LEFT JOIN `pembayaran_semester` ON `transaksi`.`id_pembayaran_semester` = `pembayaran_semester`.`id_pembayaran_semester`
LEFT JOIN `siswa` as `siswa2` ON `pembayaran_semester`.`id_siswa` = `siswa2`.`id_siswa`
LEFT JOIN `pembayaran_gaji` ON `transaksi`.`id_pembayaran_gaji` = `pembayaran_gaji`.`id_pembayaran_gaji`
LEFT JOIN `guru` ON `gaji`.`id_guru` = `guru`.`id_guru`
ORDER BY `transaksi`.`tanggal` DESC, `transaksi`.`created_at` DESC', [], false)
 4 APPPATH\Models\TransaksiModel.php(172): CodeIgniter\Database\BaseBuilder->get()
 5 APPPATH\Controllers\TransaksiController.php(27): App\Models\TransaksiModel->getLaporanTransaksi(null, null, null)
 6 SYSTEMPATH\CodeIgniter.php(933): App\Controllers\TransaksiController->index()
 7 SYSTEMPATH\CodeIgniter.php(507): CodeIgniter\CodeIgniter->runController(Object(App\Controllers\TransaksiController))
 8 SYSTEMPATH\CodeIgniter.php(354): CodeIgniter\CodeIgniter->handleRequest(null, Object(Config\Cache), false)
 9 SYSTEMPATH\Boot.php(334): CodeIgniter\CodeIgniter->run()
10 SYSTEMPATH\Boot.php(67): CodeIgniter\Boot::runCodeIgniter(Object(CodeIgniter\CodeIgniter))
11 FCPATH\index.php(59): CodeIgniter\Boot::bootWeb(Object(Config\Paths))
12 SYSTEMPATH\rewrite.php(44): require_once('E:\\laragon\\www\\Project-e-Keuangan\\public\\index.php')
CRITICAL - 2025-12-17 18:27:32 --> [Caused by] mysqli_sql_exception: Unknown column 'gaji.id_guru' in 'on clause'
in SYSTEMPATH\Database\MySQLi\Connection.php on line 327.
 1 SYSTEMPATH\Database\MySQLi\Connection.php(327): mysqli->query('SELECT `transaksi`.*, COALESCE(siswa.nama_siswa, siswa2.nama_siswa) as nama_siswa, COALESCE(siswa.nis, siswa2.nis) as nis, `guru`.`nama_guru`, `guru`.`nip`
FROM `transaksi`
LEFT JOIN `pembayaran_spp` ON `transaksi`.`id_pembayaran_spp` = `pembayaran_spp`.`id_pembayaran_spp`
LEFT JOIN `siswa` ON `pembayaran_spp`.`id_siswa` = `siswa`.`id_siswa`
LEFT JOIN `pembayaran_semester` ON `transaksi`.`id_pembayaran_semester` = `pembayaran_semester`.`id_pembayaran_semester`
LEFT JOIN `siswa` as `siswa2` ON `pembayaran_semester`.`id_siswa` = `siswa2`.`id_siswa`
LEFT JOIN `pembayaran_gaji` ON `transaksi`.`id_pembayaran_gaji` = `pembayaran_gaji`.`id_pembayaran_gaji`
LEFT JOIN `guru` ON `gaji`.`id_guru` = `guru`.`id_guru`
ORDER BY `transaksi`.`tanggal` DESC, `transaksi`.`created_at` DESC', 0)
 2 SYSTEMPATH\Database\BaseConnection.php(738): CodeIgniter\Database\MySQLi\Connection->execute('SELECT `transaksi`.*, COALESCE(siswa.nama_siswa, siswa2.nama_siswa) as nama_siswa, COALESCE(siswa.nis, siswa2.nis) as nis, `guru`.`nama_guru`, `guru`.`nip`
FROM `transaksi`
LEFT JOIN `pembayaran_spp` ON `transaksi`.`id_pembayaran_spp` = `pembayaran_spp`.`id_pembayaran_spp`
LEFT JOIN `siswa` ON `pembayaran_spp`.`id_siswa` = `siswa`.`id_siswa`
LEFT JOIN `pembayaran_semester` ON `transaksi`.`id_pembayaran_semester` = `pembayaran_semester`.`id_pembayaran_semester`
LEFT JOIN `siswa` as `siswa2` ON `pembayaran_semester`.`id_siswa` = `siswa2`.`id_siswa`
LEFT JOIN `pembayaran_gaji` ON `transaksi`.`id_pembayaran_gaji` = `pembayaran_gaji`.`id_pembayaran_gaji`
LEFT JOIN `guru` ON `gaji`.`id_guru` = `guru`.`id_guru`
ORDER BY `transaksi`.`tanggal` DESC, `transaksi`.`created_at` DESC')
 3 SYSTEMPATH\Database\BaseConnection.php(652): CodeIgniter\Database\BaseConnection->simpleQuery('SELECT `transaksi`.*, COALESCE(siswa.nama_siswa, siswa2.nama_siswa) as nama_siswa, COALESCE(siswa.nis, siswa2.nis) as nis, `guru`.`nama_guru`, `guru`.`nip`
FROM `transaksi`
LEFT JOIN `pembayaran_spp` ON `transaksi`.`id_pembayaran_spp` = `pembayaran_spp`.`id_pembayaran_spp`
LEFT JOIN `siswa` ON `pembayaran_spp`.`id_siswa` = `siswa`.`id_siswa`
LEFT JOIN `pembayaran_semester` ON `transaksi`.`id_pembayaran_semester` = `pembayaran_semester`.`id_pembayaran_semester`
LEFT JOIN `siswa` as `siswa2` ON `pembayaran_semester`.`id_siswa` = `siswa2`.`id_siswa`
LEFT JOIN `pembayaran_gaji` ON `transaksi`.`id_pembayaran_gaji` = `pembayaran_gaji`.`id_pembayaran_gaji`
LEFT JOIN `guru` ON `gaji`.`id_guru` = `guru`.`id_guru`
ORDER BY `transaksi`.`tanggal` DESC, `transaksi`.`created_at` DESC')
 4 SYSTEMPATH\Database\BaseBuilder.php(1649): CodeIgniter\Database\BaseConnection->query('SELECT `transaksi`.*, COALESCE(siswa.nama_siswa, siswa2.nama_siswa) as nama_siswa, COALESCE(siswa.nis, siswa2.nis) as nis, `guru`.`nama_guru`, `guru`.`nip`
FROM `transaksi`
LEFT JOIN `pembayaran_spp` ON `transaksi`.`id_pembayaran_spp` = `pembayaran_spp`.`id_pembayaran_spp`
LEFT JOIN `siswa` ON `pembayaran_spp`.`id_siswa` = `siswa`.`id_siswa`
LEFT JOIN `pembayaran_semester` ON `transaksi`.`id_pembayaran_semester` = `pembayaran_semester`.`id_pembayaran_semester`
LEFT JOIN `siswa` as `siswa2` ON `pembayaran_semester`.`id_siswa` = `siswa2`.`id_siswa`
LEFT JOIN `pembayaran_gaji` ON `transaksi`.`id_pembayaran_gaji` = `pembayaran_gaji`.`id_pembayaran_gaji`
LEFT JOIN `guru` ON `gaji`.`id_guru` = `guru`.`id_guru`
ORDER BY `transaksi`.`tanggal` DESC, `transaksi`.`created_at` DESC', [], false)
 5 APPPATH\Models\TransaksiModel.php(172): CodeIgniter\Database\BaseBuilder->get()
 6 APPPATH\Controllers\TransaksiController.php(27): App\Models\TransaksiModel->getLaporanTransaksi(null, null, null)
 7 SYSTEMPATH\CodeIgniter.php(933): App\Controllers\TransaksiController->index()
 8 SYSTEMPATH\CodeIgniter.php(507): CodeIgniter\CodeIgniter->runController(Object(App\Controllers\TransaksiController))
 9 SYSTEMPATH\CodeIgniter.php(354): CodeIgniter\CodeIgniter->handleRequest(null, Object(Config\Cache), false)
10 SYSTEMPATH\Boot.php(334): CodeIgniter\CodeIgniter->run()
11 SYSTEMPATH\Boot.php(67): CodeIgniter\Boot::runCodeIgniter(Object(CodeIgniter\CodeIgniter))
12 FCPATH\index.php(59): CodeIgniter\Boot::bootWeb(Object(Config\Paths))
13 SYSTEMPATH\rewrite.php(44): require_once('E:\\laragon\\www\\Project-e-Keuangan\\public\\index.php')
ERROR - 2025-12-17 18:27:33 --> mysqli_sql_exception: Unknown column 'gaji.id_guru' in 'on clause' in E:\laragon\www\Project-e-Keuangan\system\Database\MySQLi\Connection.php:327
Stack trace:
#0 E:\laragon\www\Project-e-Keuangan\system\Database\MySQLi\Connection.php(327): mysqli->query('SELECT `transak...', 0)
#1 E:\laragon\www\Project-e-Keuangan\system\Database\BaseConnection.php(738): CodeIgniter\Database\MySQLi\Connection->execute('SELECT `transak...')
#2 E:\laragon\www\Project-e-Keuangan\system\Database\BaseConnection.php(652): CodeIgniter\Database\BaseConnection->simpleQuery('SELECT `transak...')
#3 E:\laragon\www\Project-e-Keuangan\system\Database\BaseBuilder.php(1649): CodeIgniter\Database\BaseConnection->query('SELECT `transak...', Array, false)
#4 E:\laragon\www\Project-e-Keuangan\app\Models\TransaksiModel.php(172): CodeIgniter\Database\BaseBuilder->get()
#5 E:\laragon\www\Project-e-Keuangan\app\Controllers\TransaksiController.php(27): App\Models\TransaksiModel->getLaporanTransaksi(NULL, NULL, NULL)
#6 E:\laragon\www\Project-e-Keuangan\system\CodeIgniter.php(933): App\Controllers\TransaksiController->index()
#7 E:\laragon\www\Project-e-Keuangan\system\CodeIgniter.php(507): CodeIgniter\CodeIgniter->runController(Object(App\Controllers\TransaksiController))
#8 E:\laragon\www\Project-e-Keuangan\system\CodeIgniter.php(354): CodeIgniter\CodeIgniter->handleRequest(NULL, Object(Config\Cache), false)
#9 E:\laragon\www\Project-e-Keuangan\system\Boot.php(334): CodeIgniter\CodeIgniter->run()
#10 E:\laragon\www\Project-e-Keuangan\system\Boot.php(67): CodeIgniter\Boot::runCodeIgniter(Object(CodeIgniter\CodeIgniter))
#11 E:\laragon\www\Project-e-Keuangan\public\index.php(59): CodeIgniter\Boot::bootWeb(Object(Config\Paths))
#12 E:\laragon\www\Project-e-Keuangan\system\rewrite.php(44): require_once('E:\\laragon\\www\\...')
#13 {main}
CRITICAL - 2025-12-17 18:27:33 --> CodeIgniter\Database\Exceptions\DatabaseException: Unknown column 'gaji.id_guru' in 'on clause'
[Method: GET, Route: data-kas/laporan/transaksi]
in SYSTEMPATH\Database\BaseConnection.php on line 692.
 1 SYSTEMPATH\Database\BaseBuilder.php(1649): CodeIgniter\Database\BaseConnection->query('SELECT `transaksi`.*, COALESCE(siswa.nama_siswa, siswa2.nama_siswa) as nama_siswa, COALESCE(siswa.nis, siswa2.nis) as nis, `guru`.`nama_guru`, `guru`.`nip`
FROM `transaksi`
LEFT JOIN `pembayaran_spp` ON `transaksi`.`id_pembayaran_spp` = `pembayaran_spp`.`id_pembayaran_spp`
LEFT JOIN `siswa` ON `pembayaran_spp`.`id_siswa` = `siswa`.`id_siswa`
LEFT JOIN `pembayaran_semester` ON `transaksi`.`id_pembayaran_semester` = `pembayaran_semester`.`id_pembayaran_semester`
LEFT JOIN `siswa` as `siswa2` ON `pembayaran_semester`.`id_siswa` = `siswa2`.`id_siswa`
LEFT JOIN `pembayaran_gaji` ON `transaksi`.`id_pembayaran_gaji` = `pembayaran_gaji`.`id_pembayaran_gaji`
LEFT JOIN `guru` ON `gaji`.`id_guru` = `guru`.`id_guru`
ORDER BY `transaksi`.`tanggal` DESC, `transaksi`.`created_at` DESC', [], false)
 2 APPPATH\Models\TransaksiModel.php(172): CodeIgniter\Database\BaseBuilder->get()
 3 APPPATH\Controllers\TransaksiController.php(27): App\Models\TransaksiModel->getLaporanTransaksi(null, null, null)
 4 SYSTEMPATH\CodeIgniter.php(933): App\Controllers\TransaksiController->index()
 5 SYSTEMPATH\CodeIgniter.php(507): CodeIgniter\CodeIgniter->runController(Object(App\Controllers\TransaksiController))
 6 SYSTEMPATH\CodeIgniter.php(354): CodeIgniter\CodeIgniter->handleRequest(null, Object(Config\Cache), false)
 7 SYSTEMPATH\Boot.php(334): CodeIgniter\CodeIgniter->run()
 8 SYSTEMPATH\Boot.php(67): CodeIgniter\Boot::runCodeIgniter(Object(CodeIgniter\CodeIgniter))
 9 FCPATH\index.php(59): CodeIgniter\Boot::bootWeb(Object(Config\Paths))
10 SYSTEMPATH\rewrite.php(44): require_once('E:\\laragon\\www\\Project-e-Keuangan\\public\\index.php')
CRITICAL - 2025-12-17 18:27:33 --> [Caused by] CodeIgniter\Database\Exceptions\DatabaseException: Unknown column 'gaji.id_guru' in 'on clause'
in SYSTEMPATH\Database\MySQLi\Connection.php on line 332.
 1 SYSTEMPATH\Database\BaseConnection.php(738): CodeIgniter\Database\MySQLi\Connection->execute('SELECT `transaksi`.*, COALESCE(siswa.nama_siswa, siswa2.nama_siswa) as nama_siswa, COALESCE(siswa.nis, siswa2.nis) as nis, `guru`.`nama_guru`, `guru`.`nip`
FROM `transaksi`
LEFT JOIN `pembayaran_spp` ON `transaksi`.`id_pembayaran_spp` = `pembayaran_spp`.`id_pembayaran_spp`
LEFT JOIN `siswa` ON `pembayaran_spp`.`id_siswa` = `siswa`.`id_siswa`
LEFT JOIN `pembayaran_semester` ON `transaksi`.`id_pembayaran_semester` = `pembayaran_semester`.`id_pembayaran_semester`
LEFT JOIN `siswa` as `siswa2` ON `pembayaran_semester`.`id_siswa` = `siswa2`.`id_siswa`
LEFT JOIN `pembayaran_gaji` ON `transaksi`.`id_pembayaran_gaji` = `pembayaran_gaji`.`id_pembayaran_gaji`
LEFT JOIN `guru` ON `gaji`.`id_guru` = `guru`.`id_guru`
ORDER BY `transaksi`.`tanggal` DESC, `transaksi`.`created_at` DESC')
 2 SYSTEMPATH\Database\BaseConnection.php(652): CodeIgniter\Database\BaseConnection->simpleQuery('SELECT `transaksi`.*, COALESCE(siswa.nama_siswa, siswa2.nama_siswa) as nama_siswa, COALESCE(siswa.nis, siswa2.nis) as nis, `guru`.`nama_guru`, `guru`.`nip`
FROM `transaksi`
LEFT JOIN `pembayaran_spp` ON `transaksi`.`id_pembayaran_spp` = `pembayaran_spp`.`id_pembayaran_spp`
LEFT JOIN `siswa` ON `pembayaran_spp`.`id_siswa` = `siswa`.`id_siswa`
LEFT JOIN `pembayaran_semester` ON `transaksi`.`id_pembayaran_semester` = `pembayaran_semester`.`id_pembayaran_semester`
LEFT JOIN `siswa` as `siswa2` ON `pembayaran_semester`.`id_siswa` = `siswa2`.`id_siswa`
LEFT JOIN `pembayaran_gaji` ON `transaksi`.`id_pembayaran_gaji` = `pembayaran_gaji`.`id_pembayaran_gaji`
LEFT JOIN `guru` ON `gaji`.`id_guru` = `guru`.`id_guru`
ORDER BY `transaksi`.`tanggal` DESC, `transaksi`.`created_at` DESC')
 3 SYSTEMPATH\Database\BaseBuilder.php(1649): CodeIgniter\Database\BaseConnection->query('SELECT `transaksi`.*, COALESCE(siswa.nama_siswa, siswa2.nama_siswa) as nama_siswa, COALESCE(siswa.nis, siswa2.nis) as nis, `guru`.`nama_guru`, `guru`.`nip`
FROM `transaksi`
LEFT JOIN `pembayaran_spp` ON `transaksi`.`id_pembayaran_spp` = `pembayaran_spp`.`id_pembayaran_spp`
LEFT JOIN `siswa` ON `pembayaran_spp`.`id_siswa` = `siswa`.`id_siswa`
LEFT JOIN `pembayaran_semester` ON `transaksi`.`id_pembayaran_semester` = `pembayaran_semester`.`id_pembayaran_semester`
LEFT JOIN `siswa` as `siswa2` ON `pembayaran_semester`.`id_siswa` = `siswa2`.`id_siswa`
LEFT JOIN `pembayaran_gaji` ON `transaksi`.`id_pembayaran_gaji` = `pembayaran_gaji`.`id_pembayaran_gaji`
LEFT JOIN `guru` ON `gaji`.`id_guru` = `guru`.`id_guru`
ORDER BY `transaksi`.`tanggal` DESC, `transaksi`.`created_at` DESC', [], false)
 4 APPPATH\Models\TransaksiModel.php(172): CodeIgniter\Database\BaseBuilder->get()
 5 APPPATH\Controllers\TransaksiController.php(27): App\Models\TransaksiModel->getLaporanTransaksi(null, null, null)
 6 SYSTEMPATH\CodeIgniter.php(933): App\Controllers\TransaksiController->index()
 7 SYSTEMPATH\CodeIgniter.php(507): CodeIgniter\CodeIgniter->runController(Object(App\Controllers\TransaksiController))
 8 SYSTEMPATH\CodeIgniter.php(354): CodeIgniter\CodeIgniter->handleRequest(null, Object(Config\Cache), false)
 9 SYSTEMPATH\Boot.php(334): CodeIgniter\CodeIgniter->run()
10 SYSTEMPATH\Boot.php(67): CodeIgniter\Boot::runCodeIgniter(Object(CodeIgniter\CodeIgniter))
11 FCPATH\index.php(59): CodeIgniter\Boot::bootWeb(Object(Config\Paths))
12 SYSTEMPATH\rewrite.php(44): require_once('E:\\laragon\\www\\Project-e-Keuangan\\public\\index.php')
CRITICAL - 2025-12-17 18:27:33 --> [Caused by] mysqli_sql_exception: Unknown column 'gaji.id_guru' in 'on clause'
in SYSTEMPATH\Database\MySQLi\Connection.php on line 327.
 1 SYSTEMPATH\Database\MySQLi\Connection.php(327): mysqli->query('SELECT `transaksi`.*, COALESCE(siswa.nama_siswa, siswa2.nama_siswa) as nama_siswa, COALESCE(siswa.nis, siswa2.nis) as nis, `guru`.`nama_guru`, `guru`.`nip`
FROM `transaksi`
LEFT JOIN `pembayaran_spp` ON `transaksi`.`id_pembayaran_spp` = `pembayaran_spp`.`id_pembayaran_spp`
LEFT JOIN `siswa` ON `pembayaran_spp`.`id_siswa` = `siswa`.`id_siswa`
LEFT JOIN `pembayaran_semester` ON `transaksi`.`id_pembayaran_semester` = `pembayaran_semester`.`id_pembayaran_semester`
LEFT JOIN `siswa` as `siswa2` ON `pembayaran_semester`.`id_siswa` = `siswa2`.`id_siswa`
LEFT JOIN `pembayaran_gaji` ON `transaksi`.`id_pembayaran_gaji` = `pembayaran_gaji`.`id_pembayaran_gaji`
LEFT JOIN `guru` ON `gaji`.`id_guru` = `guru`.`id_guru`
ORDER BY `transaksi`.`tanggal` DESC, `transaksi`.`created_at` DESC', 0)
 2 SYSTEMPATH\Database\BaseConnection.php(738): CodeIgniter\Database\MySQLi\Connection->execute('SELECT `transaksi`.*, COALESCE(siswa.nama_siswa, siswa2.nama_siswa) as nama_siswa, COALESCE(siswa.nis, siswa2.nis) as nis, `guru`.`nama_guru`, `guru`.`nip`
FROM `transaksi`
LEFT JOIN `pembayaran_spp` ON `transaksi`.`id_pembayaran_spp` = `pembayaran_spp`.`id_pembayaran_spp`
LEFT JOIN `siswa` ON `pembayaran_spp`.`id_siswa` = `siswa`.`id_siswa`
LEFT JOIN `pembayaran_semester` ON `transaksi`.`id_pembayaran_semester` = `pembayaran_semester`.`id_pembayaran_semester`
LEFT JOIN `siswa` as `siswa2` ON `pembayaran_semester`.`id_siswa` = `siswa2`.`id_siswa`
LEFT JOIN `pembayaran_gaji` ON `transaksi`.`id_pembayaran_gaji` = `pembayaran_gaji`.`id_pembayaran_gaji`
LEFT JOIN `guru` ON `gaji`.`id_guru` = `guru`.`id_guru`
ORDER BY `transaksi`.`tanggal` DESC, `transaksi`.`created_at` DESC')
 3 SYSTEMPATH\Database\BaseConnection.php(652): CodeIgniter\Database\BaseConnection->simpleQuery('SELECT `transaksi`.*, COALESCE(siswa.nama_siswa, siswa2.nama_siswa) as nama_siswa, COALESCE(siswa.nis, siswa2.nis) as nis, `guru`.`nama_guru`, `guru`.`nip`
FROM `transaksi`
LEFT JOIN `pembayaran_spp` ON `transaksi`.`id_pembayaran_spp` = `pembayaran_spp`.`id_pembayaran_spp`
LEFT JOIN `siswa` ON `pembayaran_spp`.`id_siswa` = `siswa`.`id_siswa`
LEFT JOIN `pembayaran_semester` ON `transaksi`.`id_pembayaran_semester` = `pembayaran_semester`.`id_pembayaran_semester`
LEFT JOIN `siswa` as `siswa2` ON `pembayaran_semester`.`id_siswa` = `siswa2`.`id_siswa`
LEFT JOIN `pembayaran_gaji` ON `transaksi`.`id_pembayaran_gaji` = `pembayaran_gaji`.`id_pembayaran_gaji`
LEFT JOIN `guru` ON `gaji`.`id_guru` = `guru`.`id_guru`
ORDER BY `transaksi`.`tanggal` DESC, `transaksi`.`created_at` DESC')
 4 SYSTEMPATH\Database\BaseBuilder.php(1649): CodeIgniter\Database\BaseConnection->query('SELECT `transaksi`.*, COALESCE(siswa.nama_siswa, siswa2.nama_siswa) as nama_siswa, COALESCE(siswa.nis, siswa2.nis) as nis, `guru`.`nama_guru`, `guru`.`nip`
FROM `transaksi`
LEFT JOIN `pembayaran_spp` ON `transaksi`.`id_pembayaran_spp` = `pembayaran_spp`.`id_pembayaran_spp`
LEFT JOIN `siswa` ON `pembayaran_spp`.`id_siswa` = `siswa`.`id_siswa`
LEFT JOIN `pembayaran_semester` ON `transaksi`.`id_pembayaran_semester` = `pembayaran_semester`.`id_pembayaran_semester`
LEFT JOIN `siswa` as `siswa2` ON `pembayaran_semester`.`id_siswa` = `siswa2`.`id_siswa`
LEFT JOIN `pembayaran_gaji` ON `transaksi`.`id_pembayaran_gaji` = `pembayaran_gaji`.`id_pembayaran_gaji`
LEFT JOIN `guru` ON `gaji`.`id_guru` = `guru`.`id_guru`
ORDER BY `transaksi`.`tanggal` DESC, `transaksi`.`created_at` DESC', [], false)
 5 APPPATH\Models\TransaksiModel.php(172): CodeIgniter\Database\BaseBuilder->get()
 6 APPPATH\Controllers\TransaksiController.php(27): App\Models\TransaksiModel->getLaporanTransaksi(null, null, null)
 7 SYSTEMPATH\CodeIgniter.php(933): App\Controllers\TransaksiController->index()
 8 SYSTEMPATH\CodeIgniter.php(507): CodeIgniter\CodeIgniter->runController(Object(App\Controllers\TransaksiController))
 9 SYSTEMPATH\CodeIgniter.php(354): CodeIgniter\CodeIgniter->handleRequest(null, Object(Config\Cache), false)
10 SYSTEMPATH\Boot.php(334): CodeIgniter\CodeIgniter->run()
11 SYSTEMPATH\Boot.php(67): CodeIgniter\Boot::runCodeIgniter(Object(CodeIgniter\CodeIgniter))
12 FCPATH\index.php(59): CodeIgniter\Boot::bootWeb(Object(Config\Paths))
13 SYSTEMPATH\rewrite.php(44): require_once('E:\\laragon\\www\\Project-e-Keuangan\\public\\index.php')
ERROR - 2025-12-17 18:27:46 --> mysqli_sql_exception: Unknown column 'gaji.id_guru' in 'on clause' in E:\laragon\www\Project-e-Keuangan\system\Database\MySQLi\Connection.php:327
Stack trace:
#0 E:\laragon\www\Project-e-Keuangan\system\Database\MySQLi\Connection.php(327): mysqli->query('SELECT `transak...', 0)
#1 E:\laragon\www\Project-e-Keuangan\system\Database\BaseConnection.php(738): CodeIgniter\Database\MySQLi\Connection->execute('SELECT `transak...')
#2 E:\laragon\www\Project-e-Keuangan\system\Database\BaseConnection.php(652): CodeIgniter\Database\BaseConnection->simpleQuery('SELECT `transak...')
#3 E:\laragon\www\Project-e-Keuangan\system\Database\BaseBuilder.php(1649): CodeIgniter\Database\BaseConnection->query('SELECT `transak...', Array, false)
#4 E:\laragon\www\Project-e-Keuangan\app\Models\TransaksiModel.php(172): CodeIgniter\Database\BaseBuilder->get()
#5 E:\laragon\www\Project-e-Keuangan\app\Controllers\TransaksiController.php(27): App\Models\TransaksiModel->getLaporanTransaksi(NULL, NULL, NULL)
#6 E:\laragon\www\Project-e-Keuangan\system\CodeIgniter.php(933): App\Controllers\TransaksiController->index()
#7 E:\laragon\www\Project-e-Keuangan\system\CodeIgniter.php(507): CodeIgniter\CodeIgniter->runController(Object(App\Controllers\TransaksiController))
#8 E:\laragon\www\Project-e-Keuangan\system\CodeIgniter.php(354): CodeIgniter\CodeIgniter->handleRequest(NULL, Object(Config\Cache), false)
#9 E:\laragon\www\Project-e-Keuangan\system\Boot.php(334): CodeIgniter\CodeIgniter->run()
#10 E:\laragon\www\Project-e-Keuangan\system\Boot.php(67): CodeIgniter\Boot::runCodeIgniter(Object(CodeIgniter\CodeIgniter))
#11 E:\laragon\www\Project-e-Keuangan\public\index.php(59): CodeIgniter\Boot::bootWeb(Object(Config\Paths))
#12 E:\laragon\www\Project-e-Keuangan\system\rewrite.php(44): require_once('E:\\laragon\\www\\...')
#13 {main}
CRITICAL - 2025-12-17 18:27:46 --> CodeIgniter\Database\Exceptions\DatabaseException: Unknown column 'gaji.id_guru' in 'on clause'
[Method: GET, Route: data-kas/laporan/transaksi]
in SYSTEMPATH\Database\BaseConnection.php on line 692.
 1 SYSTEMPATH\Database\BaseBuilder.php(1649): CodeIgniter\Database\BaseConnection->query('SELECT `transaksi`.*, COALESCE(siswa.nama_siswa, siswa2.nama_siswa) as nama_siswa, COALESCE(siswa.nis, siswa2.nis) as nis, `guru`.`nama_guru`, `guru`.`nip`
FROM `transaksi`
LEFT JOIN `pembayaran_spp` ON `transaksi`.`id_pembayaran_spp` = `pembayaran_spp`.`id_pembayaran_spp`
LEFT JOIN `siswa` ON `pembayaran_spp`.`id_siswa` = `siswa`.`id_siswa`
LEFT JOIN `pembayaran_semester` ON `transaksi`.`id_pembayaran_semester` = `pembayaran_semester`.`id_pembayaran_semester`
LEFT JOIN `siswa` as `siswa2` ON `pembayaran_semester`.`id_siswa` = `siswa2`.`id_siswa`
LEFT JOIN `pembayaran_gaji` ON `transaksi`.`id_pembayaran_gaji` = `pembayaran_gaji`.`id_pembayaran_gaji`
LEFT JOIN `guru` ON `gaji`.`id_guru` = `guru`.`id_guru`
ORDER BY `transaksi`.`tanggal` DESC, `transaksi`.`created_at` DESC', [], false)
 2 APPPATH\Models\TransaksiModel.php(172): CodeIgniter\Database\BaseBuilder->get()
 3 APPPATH\Controllers\TransaksiController.php(27): App\Models\TransaksiModel->getLaporanTransaksi(null, null, null)
 4 SYSTEMPATH\CodeIgniter.php(933): App\Controllers\TransaksiController->index()
 5 SYSTEMPATH\CodeIgniter.php(507): CodeIgniter\CodeIgniter->runController(Object(App\Controllers\TransaksiController))
 6 SYSTEMPATH\CodeIgniter.php(354): CodeIgniter\CodeIgniter->handleRequest(null, Object(Config\Cache), false)
 7 SYSTEMPATH\Boot.php(334): CodeIgniter\CodeIgniter->run()
 8 SYSTEMPATH\Boot.php(67): CodeIgniter\Boot::runCodeIgniter(Object(CodeIgniter\CodeIgniter))
 9 FCPATH\index.php(59): CodeIgniter\Boot::bootWeb(Object(Config\Paths))
10 SYSTEMPATH\rewrite.php(44): require_once('E:\\laragon\\www\\Project-e-Keuangan\\public\\index.php')
CRITICAL - 2025-12-17 18:27:46 --> [Caused by] CodeIgniter\Database\Exceptions\DatabaseException: Unknown column 'gaji.id_guru' in 'on clause'
in SYSTEMPATH\Database\MySQLi\Connection.php on line 332.
 1 SYSTEMPATH\Database\BaseConnection.php(738): CodeIgniter\Database\MySQLi\Connection->execute('SELECT `transaksi`.*, COALESCE(siswa.nama_siswa, siswa2.nama_siswa) as nama_siswa, COALESCE(siswa.nis, siswa2.nis) as nis, `guru`.`nama_guru`, `guru`.`nip`
FROM `transaksi`
LEFT JOIN `pembayaran_spp` ON `transaksi`.`id_pembayaran_spp` = `pembayaran_spp`.`id_pembayaran_spp`
LEFT JOIN `siswa` ON `pembayaran_spp`.`id_siswa` = `siswa`.`id_siswa`
LEFT JOIN `pembayaran_semester` ON `transaksi`.`id_pembayaran_semester` = `pembayaran_semester`.`id_pembayaran_semester`
LEFT JOIN `siswa` as `siswa2` ON `pembayaran_semester`.`id_siswa` = `siswa2`.`id_siswa`
LEFT JOIN `pembayaran_gaji` ON `transaksi`.`id_pembayaran_gaji` = `pembayaran_gaji`.`id_pembayaran_gaji`
LEFT JOIN `guru` ON `gaji`.`id_guru` = `guru`.`id_guru`
ORDER BY `transaksi`.`tanggal` DESC, `transaksi`.`created_at` DESC')
 2 SYSTEMPATH\Database\BaseConnection.php(652): CodeIgniter\Database\BaseConnection->simpleQuery('SELECT `transaksi`.*, COALESCE(siswa.nama_siswa, siswa2.nama_siswa) as nama_siswa, COALESCE(siswa.nis, siswa2.nis) as nis, `guru`.`nama_guru`, `guru`.`nip`
FROM `transaksi`
LEFT JOIN `pembayaran_spp` ON `transaksi`.`id_pembayaran_spp` = `pembayaran_spp`.`id_pembayaran_spp`
LEFT JOIN `siswa` ON `pembayaran_spp`.`id_siswa` = `siswa`.`id_siswa`
LEFT JOIN `pembayaran_semester` ON `transaksi`.`id_pembayaran_semester` = `pembayaran_semester`.`id_pembayaran_semester`
LEFT JOIN `siswa` as `siswa2` ON `pembayaran_semester`.`id_siswa` = `siswa2`.`id_siswa`
LEFT JOIN `pembayaran_gaji` ON `transaksi`.`id_pembayaran_gaji` = `pembayaran_gaji`.`id_pembayaran_gaji`
LEFT JOIN `guru` ON `gaji`.`id_guru` = `guru`.`id_guru`
ORDER BY `transaksi`.`tanggal` DESC, `transaksi`.`created_at` DESC')
 3 SYSTEMPATH\Database\BaseBuilder.php(1649): CodeIgniter\Database\BaseConnection->query('SELECT `transaksi`.*, COALESCE(siswa.nama_siswa, siswa2.nama_siswa) as nama_siswa, COALESCE(siswa.nis, siswa2.nis) as nis, `guru`.`nama_guru`, `guru`.`nip`
FROM `transaksi`
LEFT JOIN `pembayaran_spp` ON `transaksi`.`id_pembayaran_spp` = `pembayaran_spp`.`id_pembayaran_spp`
LEFT JOIN `siswa` ON `pembayaran_spp`.`id_siswa` = `siswa`.`id_siswa`
LEFT JOIN `pembayaran_semester` ON `transaksi`.`id_pembayaran_semester` = `pembayaran_semester`.`id_pembayaran_semester`
LEFT JOIN `siswa` as `siswa2` ON `pembayaran_semester`.`id_siswa` = `siswa2`.`id_siswa`
LEFT JOIN `pembayaran_gaji` ON `transaksi`.`id_pembayaran_gaji` = `pembayaran_gaji`.`id_pembayaran_gaji`
LEFT JOIN `guru` ON `gaji`.`id_guru` = `guru`.`id_guru`
ORDER BY `transaksi`.`tanggal` DESC, `transaksi`.`created_at` DESC', [], false)
 4 APPPATH\Models\TransaksiModel.php(172): CodeIgniter\Database\BaseBuilder->get()
 5 APPPATH\Controllers\TransaksiController.php(27): App\Models\TransaksiModel->getLaporanTransaksi(null, null, null)
 6 SYSTEMPATH\CodeIgniter.php(933): App\Controllers\TransaksiController->index()
 7 SYSTEMPATH\CodeIgniter.php(507): CodeIgniter\CodeIgniter->runController(Object(App\Controllers\TransaksiController))
 8 SYSTEMPATH\CodeIgniter.php(354): CodeIgniter\CodeIgniter->handleRequest(null, Object(Config\Cache), false)
 9 SYSTEMPATH\Boot.php(334): CodeIgniter\CodeIgniter->run()
10 SYSTEMPATH\Boot.php(67): CodeIgniter\Boot::runCodeIgniter(Object(CodeIgniter\CodeIgniter))
11 FCPATH\index.php(59): CodeIgniter\Boot::bootWeb(Object(Config\Paths))
12 SYSTEMPATH\rewrite.php(44): require_once('E:\\laragon\\www\\Project-e-Keuangan\\public\\index.php')
CRITICAL - 2025-12-17 18:27:46 --> [Caused by] mysqli_sql_exception: Unknown column 'gaji.id_guru' in 'on clause'
in SYSTEMPATH\Database\MySQLi\Connection.php on line 327.
 1 SYSTEMPATH\Database\MySQLi\Connection.php(327): mysqli->query('SELECT `transaksi`.*, COALESCE(siswa.nama_siswa, siswa2.nama_siswa) as nama_siswa, COALESCE(siswa.nis, siswa2.nis) as nis, `guru`.`nama_guru`, `guru`.`nip`
FROM `transaksi`
LEFT JOIN `pembayaran_spp` ON `transaksi`.`id_pembayaran_spp` = `pembayaran_spp`.`id_pembayaran_spp`
LEFT JOIN `siswa` ON `pembayaran_spp`.`id_siswa` = `siswa`.`id_siswa`
LEFT JOIN `pembayaran_semester` ON `transaksi`.`id_pembayaran_semester` = `pembayaran_semester`.`id_pembayaran_semester`
LEFT JOIN `siswa` as `siswa2` ON `pembayaran_semester`.`id_siswa` = `siswa2`.`id_siswa`
LEFT JOIN `pembayaran_gaji` ON `transaksi`.`id_pembayaran_gaji` = `pembayaran_gaji`.`id_pembayaran_gaji`
LEFT JOIN `guru` ON `gaji`.`id_guru` = `guru`.`id_guru`
ORDER BY `transaksi`.`tanggal` DESC, `transaksi`.`created_at` DESC', 0)
 2 SYSTEMPATH\Database\BaseConnection.php(738): CodeIgniter\Database\MySQLi\Connection->execute('SELECT `transaksi`.*, COALESCE(siswa.nama_siswa, siswa2.nama_siswa) as nama_siswa, COALESCE(siswa.nis, siswa2.nis) as nis, `guru`.`nama_guru`, `guru`.`nip`
FROM `transaksi`
LEFT JOIN `pembayaran_spp` ON `transaksi`.`id_pembayaran_spp` = `pembayaran_spp`.`id_pembayaran_spp`
LEFT JOIN `siswa` ON `pembayaran_spp`.`id_siswa` = `siswa`.`id_siswa`
LEFT JOIN `pembayaran_semester` ON `transaksi`.`id_pembayaran_semester` = `pembayaran_semester`.`id_pembayaran_semester`
LEFT JOIN `siswa` as `siswa2` ON `pembayaran_semester`.`id_siswa` = `siswa2`.`id_siswa`
LEFT JOIN `pembayaran_gaji` ON `transaksi`.`id_pembayaran_gaji` = `pembayaran_gaji`.`id_pembayaran_gaji`
LEFT JOIN `guru` ON `gaji`.`id_guru` = `guru`.`id_guru`
ORDER BY `transaksi`.`tanggal` DESC, `transaksi`.`created_at` DESC')
 3 SYSTEMPATH\Database\BaseConnection.php(652): CodeIgniter\Database\BaseConnection->simpleQuery('SELECT `transaksi`.*, COALESCE(siswa.nama_siswa, siswa2.nama_siswa) as nama_siswa, COALESCE(siswa.nis, siswa2.nis) as nis, `guru`.`nama_guru`, `guru`.`nip`
FROM `transaksi`
LEFT JOIN `pembayaran_spp` ON `transaksi`.`id_pembayaran_spp` = `pembayaran_spp`.`id_pembayaran_spp`
LEFT JOIN `siswa` ON `pembayaran_spp`.`id_siswa` = `siswa`.`id_siswa`
LEFT JOIN `pembayaran_semester` ON `transaksi`.`id_pembayaran_semester` = `pembayaran_semester`.`id_pembayaran_semester`
LEFT JOIN `siswa` as `siswa2` ON `pembayaran_semester`.`id_siswa` = `siswa2`.`id_siswa`
LEFT JOIN `pembayaran_gaji` ON `transaksi`.`id_pembayaran_gaji` = `pembayaran_gaji`.`id_pembayaran_gaji`
LEFT JOIN `guru` ON `gaji`.`id_guru` = `guru`.`id_guru`
ORDER BY `transaksi`.`tanggal` DESC, `transaksi`.`created_at` DESC')
 4 SYSTEMPATH\Database\BaseBuilder.php(1649): CodeIgniter\Database\BaseConnection->query('SELECT `transaksi`.*, COALESCE(siswa.nama_siswa, siswa2.nama_siswa) as nama_siswa, COALESCE(siswa.nis, siswa2.nis) as nis, `guru`.`nama_guru`, `guru`.`nip`
FROM `transaksi`
LEFT JOIN `pembayaran_spp` ON `transaksi`.`id_pembayaran_spp` = `pembayaran_spp`.`id_pembayaran_spp`
LEFT JOIN `siswa` ON `pembayaran_spp`.`id_siswa` = `siswa`.`id_siswa`
LEFT JOIN `pembayaran_semester` ON `transaksi`.`id_pembayaran_semester` = `pembayaran_semester`.`id_pembayaran_semester`
LEFT JOIN `siswa` as `siswa2` ON `pembayaran_semester`.`id_siswa` = `siswa2`.`id_siswa`
LEFT JOIN `pembayaran_gaji` ON `transaksi`.`id_pembayaran_gaji` = `pembayaran_gaji`.`id_pembayaran_gaji`
LEFT JOIN `guru` ON `gaji`.`id_guru` = `guru`.`id_guru`
ORDER BY `transaksi`.`tanggal` DESC, `transaksi`.`created_at` DESC', [], false)
 5 APPPATH\Models\TransaksiModel.php(172): CodeIgniter\Database\BaseBuilder->get()
 6 APPPATH\Controllers\TransaksiController.php(27): App\Models\TransaksiModel->getLaporanTransaksi(null, null, null)
 7 SYSTEMPATH\CodeIgniter.php(933): App\Controllers\TransaksiController->index()
 8 SYSTEMPATH\CodeIgniter.php(507): CodeIgniter\CodeIgniter->runController(Object(App\Controllers\TransaksiController))
 9 SYSTEMPATH\CodeIgniter.php(354): CodeIgniter\CodeIgniter->handleRequest(null, Object(Config\Cache), false)
10 SYSTEMPATH\Boot.php(334): CodeIgniter\CodeIgniter->run()
11 SYSTEMPATH\Boot.php(67): CodeIgniter\Boot::runCodeIgniter(Object(CodeIgniter\CodeIgniter))
12 FCPATH\index.php(59): CodeIgniter\Boot::bootWeb(Object(Config\Paths))
13 SYSTEMPATH\rewrite.php(44): require_once('E:\\laragon\\www\\Project-e-Keuangan\\public\\index.php')
CRITICAL - 2025-12-17 18:31:01 --> ErrorException: Undefined array key "jenis_tranksaksi"
[Method: GET, Route: data-kas/laporan/transaksi]
in APPPATH\Views\admin\data-kas\data-kas-transaksi.php on line 151.
 1 APPPATH\Views\admin\data-kas\data-kas-transaksi.php(151): CodeIgniter\Debug\Exceptions->errorHandler(2, 'Undefined array key "jenis_tranksaksi"', 'E:\\laragon\\www\\Project-e-Keuangan\\app\\Views\\admin\\data-kas\\data-kas-transaksi.php', 151)
 2 SYSTEMPATH\View\View.php(224): include('E:\\laragon\\www\\Project-e-Keuangan\\app\\Views\\admin\\data-kas\\data-kas-transaksi.php')
 3 SYSTEMPATH\View\View.php(227): CodeIgniter\View\View->CodeIgniter\View\{closure}()
 4 SYSTEMPATH\Common.php(1173): CodeIgniter\View\View->render('admin/data-kas/data-kas-transaksi', [], true)
 5 APPPATH\Controllers\TransaksiController.php(40): view('admin/data-kas/data-kas-transaksi', [...])
 6 SYSTEMPATH\CodeIgniter.php(933): App\Controllers\TransaksiController->index()
 7 SYSTEMPATH\CodeIgniter.php(507): CodeIgniter\CodeIgniter->runController(Object(App\Controllers\TransaksiController))
 8 SYSTEMPATH\CodeIgniter.php(354): CodeIgniter\CodeIgniter->handleRequest(null, Object(Config\Cache), false)
 9 SYSTEMPATH\Boot.php(334): CodeIgniter\CodeIgniter->run()
10 SYSTEMPATH\Boot.php(67): CodeIgniter\Boot::runCodeIgniter(Object(CodeIgniter\CodeIgniter))
11 FCPATH\index.php(59): CodeIgniter\Boot::bootWeb(Object(Config\Paths))
12 SYSTEMPATH\rewrite.php(44): require_once('E:\\laragon\\www\\Project-e-Keuangan\\public\\index.php')
